obligation_id,jurisdiction,jurisdiction_name,regime,regime_label,direction,counterparty_scope,bound_party,threshold_type,threshold_value,threshold_currency,threshold_operator,threshold_basis,threshold_period,threshold_definition,format_name,format_version,format_note,mandatory_from,tolerance_ends,tolerance_note,legal_instrument,source_url,source_title,source_type,secondary_source_urls,checked_on,confidence,confidence_note,unknowns,notes
BE-e-invoicing-b2b-issue-all,BE,Belgium,e-invoicing-b2b,Domestic B2B structured electronic invoicing,issue,b2b,"Taxable persons established in Belgium supplying goods or services to another VAT-identified taxable person. Excluded by the law itself: taxable persons subject to the flat-rate scheme of Article 56 of the VAT Code, and bankrupt taxable persons.",none,,,,,,"No size test. The obligation binds every established taxable person in scope regardless of turnover or headcount, which makes Belgium the strictest of the 2026 cohort for small companies — there is no small-company deferral to wait for.","Peppol BIS Billing (UBL), default standard",3.0.21 mandatory on the Peppol network from 2026-08-17,"The law requires a structured electronic form permitting automatic processing and compliant with EN 16931-1 and CEN/TS 16931-2. The implementing royal decree sets Peppol BIS Billing in UBL syntax, transmitted over the Peppol network, as the default standard; parties may agree an alternative format provided it still complies with the European standard. The version figure is the OpenPeppol release calendar, verified separately at docs.peppol.eu/poacc/billing/3.0/release-notes/ — Peppol BIS Billing 3.0.21 was published 2026-05-20 and became mandatory 2026-08-17, superseding 3.0.20. Belgian law does not itself name a Peppol version, so the version moves on OpenPeppol's schedule, not Belgium's.",2026-01-01,2026-03-31,"Penalty tolerance only — not a postponement of the obligation. FPS Finance will not apply penalties for offences relating to the new e-invoicing obligation during the first three months of 2026 where the enterprise can show it took reasonable steps to comply, including where it lacks the technical means to send structured electronic invoices or its software cannot yet issue a valid one. FPS Finance states explicitly that ""under no circumstances"" will a general postponement be granted.","Loi du 6 février 2024 modifiant le Code de la taxe sur la valeur ajoutée et le Code des impôts sur les revenus 1992 en ce qui concerne l'introduction de l'obligation de facturation électronique, amending Article 53 of the VAT Code (Moniteur belge, 20 February 2024, numac 2024001635).",https://www.ejustice.just.fgov.be/cgi/article_body.pl?language=fr&pub_date=2024-02-20&caller=summary&numac=2024001635,"Loi du 6 février 2024 — consolidated text as published in the Moniteur belge of 20 February 2024 (numac 2024001635), ejustice.just.fgov.be",official_gazette,https://einvoice.belgium.be/en/news/period-tolerance-during-first-three-months-2026 | https://einvoice.belgium.be/en | https://docs.peppol.eu/poacc/billing/3.0/release-notes/,2026-10-07,verified,"Gazette text read directly on 2026-10-07: the 1 January 2026 entry into force, the Article 56 and bankruptcy exclusions, the Article 44 and Article 135(1) scope carve-outs, and the EN 16931-1 / CEN/TS 16931-2 standard reference. The tolerance window and its penalties-only character were read the same day on the official einvoice.belgium.be portal (FPS Finance / BOSA). finances.belgium.be served a CAPTCHA to this host and was not used.","The implementing royal decree that designates Peppol BIS Billing (UBL) as the default standard was not read directly; the format designation here is taken from the gazette's standard reference plus secondary description of the decree. The decree's own text, and whether it pins a Peppol BIS version, is unconfirmed. | Treatment of non-established taxable persons merely VAT-registered in Belgium is not recorded. The law binds persons ""established in Belgium""; whether a foreign-established but Belgian-VAT-registered supplier is in or out is not established here.","Entry into force was conditional on EU Council authorisation under Article 395 of Directive 2006/112/EC. Out of scope per the law: supplies exempt under Article 44 of the VAT Code, and certain cross-border supplies under Article 135(1)(a)-(g) of Directive 2006/112/EC. VAT units are subject to different rules."
BE-e-invoicing-b2b-receive-all,BE,Belgium,e-invoicing-b2b,Domestic B2B structured electronic invoicing,receive,b2b,"Taxable persons established in Belgium receiving B2B supplies, excluding those subject to the flat-rate scheme of Article 56 of the VAT Code and bankrupt taxable persons.",none,,,,,,No size test; applies regardless of turnover or headcount.,"Peppol BIS Billing (UBL), default standard",3.0.21 mandatory on the Peppol network from 2026-08-17,Must be able to receive an EN 16931-compliant structured invoice. Peppol BIS Billing (UBL) over the Peppol network is the default standard; an alternative EN 16931-compliant format may be agreed between the parties.,2026-01-01,2026-03-31,Same penalty tolerance as the issuing duty. FPS Finance names inability to receive structured electronic invoices as a covered offence for the first three months of 2026. The obligation itself is not postponed.,"Loi du 6 février 2024 modifiant le Code de la taxe sur la valeur ajoutée et le Code des impôts sur les revenus 1992 (Moniteur belge, 20 February 2024, numac 2024001635).",https://www.ejustice.just.fgov.be/cgi/article_body.pl?language=fr&pub_date=2024-02-20&caller=summary&numac=2024001635,"Loi du 6 février 2024 — consolidated text as published in the Moniteur belge of 20 February 2024 (numac 2024001635), ejustice.just.fgov.be",official_gazette,https://einvoice.belgium.be/en/news/period-tolerance-during-first-three-months-2026 | https://einvoice.belgium.be/en,2026-10-07,verified,"Gazette text read directly on 2026-10-07; tolerance read the same day on the official einvoice.belgium.be portal, which explicitly lists inability to receive among the tolerated offences.","Whether a recipient may refuse a compliant structured invoice, or must accept one sent in an agreed alternative format, is not recorded.","Recorded separately from the issuing duty because ""must I be able to receive yet?"" is a different question from ""must I issue yet?"", even where the dates coincide. Same scope exclusions as BE-e-invoicing-b2b-issue-all."
DE-e-invoicing-b2b-issue-turnover-gt-800k,DE,Germany,e-invoicing-b2b,Domestic B2B electronic invoicing (E-Rechnung),issue,b2b,"Domestic entrepreneurs issuing an invoice for a supply to another domestic entrepreneur's business, whose total turnover (Gesamtumsatz, § 19 Abs. 2 UStG) in the preceding calendar year exceeded EUR 800,000.",turnover,800000,EUR,gt,"Gesamtumsatz as defined in § 19 Abs. 2 UStG, of the entrepreneur issuing the invoice.",preceding calendar year (vorangegangenes Kalenderjahr),"§ 27 Abs. 38 UStG extends the tolerance to 31 December 2027 only ""wenn der Gesamtumsatz (§ 19 Absatz 2) des die Rechnung ausstellenden Unternehmers im vorangegangenen Kalenderjahr nicht mehr als 800 000 Euro"" betragen hat. This row is the cohort that fails that test, i.e. prior-year turnover above EUR 800,000, for whom the tolerance ends a year earlier.","XRechnung, or ZUGFeRD (EN 16931-compliant profiles)",ZUGFeRD 2.0.1 or later; XRechnung (current published version),"BMF FAQ Q7: XRechnung and ZUGFeRD from version 2.0.1 satisfy the VAT requirements, excluding the MINIMUM and BASIC-WL profiles. Another format may be agreed between the parties if the UStG-required data can be extracted correctly and completely from it, which keeps EDI procedures such as EDIFACT usable.",2027-01-01,2026-12-31,"From 1 Jan 2025 to 31 Dec 2026 any issuer may issue a ""sonstige Rechnung"" instead of an e-invoice. Paper is always permitted; another electronic format such as a PDF by e-mail requires the recipient's consent. Separately, a non-conforming EDI procedure may be used until 31 December 2027 even by this cohort (BMF FAQ Q11).",§ 14 Abs. 2 Nr. 1 UStG; transitional rule § 27 Abs. 38 UStG (Wachstumschancengesetz).,https://www.gesetze-im-internet.de/ustg_1980/__27.html,"§ 27 Abs. 38 Umsatzsteuergesetz — consolidated text, gesetze-im-internet.de (BMJ / Bundesanzeiger Verlag)",statute,https://www.gesetze-im-internet.de/ustg_1980/__14.html | https://www.bundesfinanzministerium.de/Content/DE/FAQ/e-rechnung.html,2026-10-07,verified,"Statutory text of § 27 Abs. 38 UStG read directly on 2026-10-07, including the EUR 800,000 figure and the ""vorangegangenes Kalenderjahr"" measurement period. Cross-checked against BMF FAQ (Stand März 2026) Q11, which states the same dates in plain language.",,"Date is driven by when the supply is carried out (Zeitpunkt des Umsatzes), not when the invoice is raised: § 27 Abs. 38 UStG frames the tolerance as applying to a supply ""nach dem 31. Dezember 2024 und vor dem 1. Januar 2027 ausgeführten Umsatz""."
DE-e-invoicing-b2b-issue-turnover-lte-800k,DE,Germany,e-invoicing-b2b,Domestic B2B electronic invoicing (E-Rechnung),issue,b2b,"Domestic entrepreneurs issuing an invoice for a supply to another domestic entrepreneur's business, whose total turnover (Gesamtumsatz, § 19 Abs. 2 UStG) in the preceding calendar year was EUR 800,000 or less.",turnover,800000,EUR,lte,"Gesamtumsatz as defined in § 19 Abs. 2 UStG, of the entrepreneur issuing the invoice.",preceding calendar year (vorangegangenes Kalenderjahr),"§ 27 Abs. 38 UStG: the tolerance runs to 31 December 2027 ""wenn der Gesamtumsatz (§ 19 Absatz 2) des die Rechnung ausstellenden Unternehmers im vorangegangenen Kalenderjahr nicht mehr als 800 000 Euro"" betragen hat. Tested per year, so an entrepreneur crossing EUR 800,000 in 2026 loses the extra year for 2027 supplies.","XRechnung, or ZUGFeRD (EN 16931-compliant profiles)",ZUGFeRD 2.0.1 or later; XRechnung (current published version),"Same format set as the above-threshold cohort. BMF FAQ Q7: XRechnung and ZUGFeRD from version 2.0.1, excluding the MINIMUM and BASIC-WL profiles.",2028-01-01,2027-12-31,"BMF FAQ Q11: ""Bei einem Vorjahresumsatz des Rechnungsausstellers bis 800.000 Euro verlängert sich diese Frist noch bis zum Ablauf des Jahres 2027."" Until then a sonstige Rechnung may be issued; paper always, other electronic formats with the recipient's consent.",§ 14 Abs. 2 Nr. 1 UStG; transitional rule § 27 Abs. 38 UStG (Wachstumschancengesetz).,https://www.gesetze-im-internet.de/ustg_1980/__27.html,"§ 27 Abs. 38 Umsatzsteuergesetz — consolidated text, gesetze-im-internet.de (BMJ / Bundesanzeiger Verlag)",statute,https://www.bundesfinanzministerium.de/Content/DE/FAQ/e-rechnung.html,2026-10-07,verified,"Statutory text read directly on 2026-10-07 (""bis zum 31. Dezember 2027 für einen nach dem 31. Dezember 2026 und vor dem 1. Januar 2028"" ausgeführten Umsatz, conditional on the EUR 800,000 test). Cross-checked against BMF FAQ Q11.","Kleinunternehmer (§ 19 UStG) are exempt from the issuing obligation entirely per BMF FAQ Q4 and Q12, not merely deferred to 2028. That exemption is a separate row not yet recorded; until it exists, this row over-states the obligation for Kleinunternehmer.",Recorded alongside the above-threshold row deliberately: a threshold captured from only one side is a half-row and misleads anyone sitting near the boundary.
DE-e-invoicing-b2b-receive-all,DE,Germany,e-invoicing-b2b,Domestic B2B electronic invoicing (E-Rechnung),receive,b2b,"Every domestic entrepreneur (inländischer Unternehmer, § 2 UStG) acting in a business capacity, including small businesses (Kleinunternehmer), freelancers, and persons making only exempt supplies such as residential landlords and doctors.",none,,,,,,"No size, turnover or headcount threshold. BMF FAQ Q12: ""Es sind keine Ausnahmen vorgesehen"" — no exemptions are provided. Kleinunternehmer are exempt from issuing e-invoices but must still be able to receive them.",EN 16931-compliant structured electronic invoice,EN 16931,"No specific transmission channel is prescribed. BMF FAQ Q8 and Q12: holding an e-mail inbox is sufficient to satisfy the receiving obligation (""Dazu reicht bereits ein E-Mail-Postfach aus"").",2025-01-01,,"No transition period applies to receiving. The 1 Jan 2025 – 31 Dec 2026 tolerance in § 27 Abs. 38 UStG covers the issuing of invoices only, not their receipt (BMF FAQ Q11, Q12).","§ 14 Abs. 1 and Abs. 2 Nr. 1 UStG as recast by the Wachstumschancengesetz, for supplies carried out after 31 December 2024. Administrative interpretation: BMF-Schreiben of 15 October 2024 (BStBl I S. 1320) and 15 October 2025.",https://www.bundesfinanzministerium.de/Content/DE/FAQ/e-rechnung.html,Bundesministerium der Finanzen — Fragen und Antworten zur Einführung der obligatorischen E-Rechnung zum 1. Januar 2025 (Stand: März 2026),tax_authority,https://www.gesetze-im-internet.de/ustg_1980/__14.html,2026-10-07,verified,"BMF FAQ read directly on 2026-10-07; page carries ""Stand: März 2026"" and is dated 23.03.2026. Questions 8 and 12 state the receiving obligation and the absence of exemptions. Statutory definition cross-read in § 14 Abs. 1 UStG.",,"This is the row most German small vendors get wrong: they are not obliged to issue until 2027 or 2028, but they have been obliged to be able to receive since 1 January 2025, with no grace period."
ES-e-invoicing-b2b-issue-turnover-gt-8m-eur,ES,Spain,e-invoicing-b2b,Facturación electrónica obligatoria entre empresarios y profesionales,issue,b2b,"Empresarios y profesionales whose volume of operations exceeded EUR 8,000,000 in the immediately preceding calendar year.",turnover,8000000,EUR,gt,Volumen de operaciones calculated in accordance with article 121 of Ley 37/1992 (the Spanish VAT Act),el año natural inmediato anterior — the immediately preceding calendar year,"Disposición final cuarta of Real Decreto 238/2026 phases the regime from the entry into force of the ministerial order developing the public invoicing solution: 12 months for empresarios y profesionales whose volume of operations, calculated per article 121 of Ley 37/1992, exceeded EUR 8,000,000 in the immediately preceding calendar year; 24 months for everyone else. Unlike Poland's fixed 2024 reference year, this is a rolling prior-year test.",UBL (reference syntax for the public solution),,"Real Decreto 238/2026 permits CII, UBL, EDIFACT and Facturae. For the public invoicing solution specifically, UBL is the reference syntax: Anexo I of Orden HAC/1028/2026 is titled ""Contenido y estructura de los campos de la factura electrónica conforme al modelo UBL y la EN 16931"". No UBL version number is stated in the order's Anexo I heading as read, so the version is an open unknown rather than an omission.",2027-10-06,,,"Ley 18/2022, de 28 de septiembre, de creación y crecimiento de empresas, art. 12 (amending art. 2 bis of Ley 56/2007); Real Decreto 238/2026, de 25 de marzo (BOE-A-2026-7295), disposición final cuarta; Orden HAC/1028/2026, de 2 de octubre (BOE-A-2026-20587), disposición final única.",https://www.boe.es/boe/dias/2026/10/05/pdfs/BOE-A-2026-20587.pdf,"Orden HAC/1028/2026, de 2 de octubre, por la que se regula la solución pública de facturación electrónica — BOE núm. 247, 5 October 2026, disposición núm. 20587 (boe.es)",official_gazette,https://www.boe.es/buscar/act.php?id=BOE-A-2026-7295 | https://www.boe.es/buscar/act.php?id=BOE-A-2022-15818 | https://sede.agenciatributaria.gob.es/Sede/iva/novedades-iva/novedades-normativa-2026/real-decreto-238-2026-25-marzo.html,2026-10-07,reported,"Two primary sources read on 2026-10-07. Orden HAC/1028/2026 retrieved as the BOE PDF and its text extracted: disposición final única states the order ""entrará en vigor el día siguiente al de su publicación en el Boletín Oficial del Estado, dándose inicio al cómputo de los plazos previstos en la disposición final octava de la Ley 18/2022 ... y en las disposiciones transitorias primera a tercera y disposición final cuarta, del Real Decreto 238/2026"". Published 5 October 2026, so in force 6 October 2026. Real Decreto 238/2026 read on boe.es for the 12/24-month periods, the EUR 8,000,000 threshold and the article 121 Ley 37/1992 basis. The row is `reported` and not `verified` because mandatory_from is OUR arithmetic (6 October 2026 + 12 months), not a date either instrument prints.","Whether the 12-month period expires on 2027-10-06 or 2027-10-05 depends on how article 30 of Ley 39/2015 computes a period expressed in months from the date of entry into force. This is a legal-interpretation question, not a sourcing question — escalated to Odysseus. The date here is the later of the two readings. | No UBL version number was found in Anexo I of the order as read. | Whether the receiving obligation starts on the same dates as issuing is not established — see ES-e-invoicing-b2b-receive-all.","Commercially the freshest row in the dataset: before 6 October 2026 the Spanish dates could not be computed at all, because the phase-in was expressed as a period running from a ministerial order that had not been published. Any competitor snapshot taken before 5 October 2026 still shows Spain as undated."
ES-e-invoicing-b2b-issue-turnover-lte-8m-eur,ES,Spain,e-invoicing-b2b,Facturación electrónica obligatoria entre empresarios y profesionales,issue,b2b,"All remaining empresarios y profesionales — those whose volume of operations did not exceed EUR 8,000,000 in the immediately preceding calendar year.",turnover,8000000,EUR,lte,Volumen de operaciones calculated in accordance with article 121 of Ley 37/1992,el año natural inmediato anterior — the immediately preceding calendar year,"The residual cohort under disposición final cuarta of Real Decreto 238/2026: ""a los veinticuatro meses de la entrada en vigor de la orden, para el resto de los empresarios y profesionales.""",UBL (reference syntax for the public solution),,"CII, UBL, EDIFACT and Facturae are permitted under RD 238/2026; UBL is the reference syntax for the public solution per Anexo I of Orden HAC/1028/2026, which references the UBL model and EN 16931. No version number stated in the text read.",2028-10-06,,,"Ley 18/2022, de 28 de septiembre, art. 12; Real Decreto 238/2026, de 25 de marzo (BOE-A-2026-7295), disposición final cuarta; Orden HAC/1028/2026, de 2 de octubre (BOE-A-2026-20587), disposición final única.",https://www.boe.es/boe/dias/2026/10/05/pdfs/BOE-A-2026-20587.pdf,"Orden HAC/1028/2026, de 2 de octubre — BOE núm. 247, 5 October 2026, disposición núm. 20587 (boe.es)",official_gazette,https://www.boe.es/buscar/act.php?id=BOE-A-2026-7295 | https://sede.agenciatributaria.gob.es/Sede/todas-noticias/2026/marzo/31/facturacion-electronica-obligatoria.html,2026-10-07,reported,"Same two primary sources read on 2026-10-07 as the >EUR 8m row. `reported` rather than `verified` because mandatory_from is our arithmetic on the order's entry into force (6 October 2026 + 24 months), not a date printed in either instrument.",Exact expiry day of the 24-month period under article 30 of Ley 39/2015 — same interpretation question as the 12-month cohort. Escalated to Odysseus. | No UBL version number found in Anexo I of the order as read.,"RD 238/2026 also requires the public invoicing solution to be available to obliged businesses at least two months before the regime's first effective application, which implies an AEAT readiness date around August 2027. That is a derived expectation, not an obligation on taxpayers, so it is not a row."
ES-e-invoicing-b2b-receive-all,ES,Spain,e-invoicing-b2b,Facturación electrónica obligatoria entre empresarios y profesionales,receive,b2b,Empresarios y profesionales obliged to receive electronic invoices under art. 2 bis of Ley 56/2007 as amended by Ley 18/2022. The commencement date for the receiving leg specifically is not established.,none,,,,,,"Ley 18/2022 art. 12 obliges empresarios y profesionales to ""expedir, remitir y recibir"" electronic invoices, and Orden HAC/1028/2026 refers to those ""obligados a emitir y recibir facturas electrónicas"". Whether the receiving duty commences on the same 12/24-month phased dates as issuing, or earlier and uniformly for everyone, is not stated in the provisions read.",UBL (reference syntax for the public solution),,"Expected to mirror the issuing formats (CII, UBL, EDIFACT, Facturae; UBL for the public solution), but not separately established for the receiving leg.",,,,"Ley 18/2022, de 28 de septiembre, art. 12 (amending art. 2 bis of Ley 56/2007); Real Decreto 238/2026, de 25 de marzo; Orden HAC/1028/2026, de 2 de octubre.",https://www.boe.es/buscar/act.php?id=BOE-A-2026-7295,"Real Decreto 238/2026, de 25 de marzo — consolidated text, BOE-A-2026-7295 (boe.es)",official_gazette,https://www.boe.es/boe/dias/2026/10/05/pdfs/BOE-A-2026-20587.pdf | https://www.boe.es/buscar/act.php?id=BOE-A-2022-15818,2026-10-07,unknown,"Recorded as unknown deliberately. RD 238/2026 and Orden HAC/1028/2026 were both read on 2026-10-07 and neither, in the provisions read, separates a commencement date for the receiving obligation from the phased issuing dates. Poland and France both run receiving ahead of small-company issuing, so assuming Spain mirrors its own issuing phases would be a guess dressed as a fact.","Commencement date of the receiving obligation. Needs disposiciones transitorias primera a tercera of RD 238/2026 read in full, which was not done this cycle. | Whether a small company must be able to receive from the large-company date (2027-10-06) — the pattern in Poland and France — or only from its own issuing date.","This is the highest-value unresolved row in the dataset. It is the single question a Spanish SME will ask first, and the honest answer today is that the instruments read do not say."
EU-e-invoicing-b2b-issue-intra-community-structured,EU,European Union (EU-level instrument),e-invoicing-b2b,Structured electronic invoicing for intra-Community supplies (ViDA),issue,cross-border-b2b,"Taxable persons obliged to issue an invoice for a transaction caught by the reporting obligations in Title XI, Chapter 6 of Directive 2006/112/EC - in substance the intra- Community transactions listed in the new Art. 262(1). The new Art. 218(2) reads ""For the purposes of this Directive, invoices shall be issued as electronic invoices. However, Member States may accept documents or messages on paper or in electronic formats other than electronic invoices for transactions not subject to the reporting obligations laid down in Chapter 6."" So the paper option survives only outside Chapter 6; for reportable intra-Community transactions the structured electronic invoice becomes the only invoice.",none,,,,,,"No size test. The trigger is the transaction type, not the size of the business: any taxable person identified for VAT purposes making a transaction listed in the new Art. 262(1) is in scope regardless of turnover or headcount.","EN 16931-1 semantic data model, carried in a syntax from the published list",EN 16931-1:2017,"The new Art. 218(3) reads ""Electronic invoices shall comply with the European standard on electronic invoicing and the list of its syntaxes pursuant to Directive 2014/55/EU. Member States may allow the use of other standards for electronic invoices relating to supplies of goods and services within their territory, other than those referred to in Article 262 of this Directive."" The other-standards latitude is therefore domestic only - it is not available for the intra-Community transactions this row covers. The standard and syntax list are those published by Commission Implementing Decision (EU) 2017/1870: EN 16931-1:2017 and CEN/TS 16931-2:2017. The new definition in Art. 217 requires a structured electronic format allowing automated processing at least for the data referred to in Arts. 262 and 271b, which is what makes a hybrid invoice acceptable if the reportable data are in the structured part.",2030-07-01,,,"Council Directive (EU) 2025/516, Art. 5 points (4) and (5) (replacing Arts. 217 and 218 of Directive 2006/112/EC) and Art. 6(5)",http://data.europa.eu/eli/dir/2025/516/oj,"Council Directive (EU) 2025/516 on VAT rules for the digital age (OJ L series, 2025/516, 25.3.2025)",eu_legal_act,,2026-10-07,verified,"Read on 2026-10-07 from http://publications.europa.eu/resource/celex/32025L0516 (Accept: application/xhtml+xml, Accept-Language: eng). Art. 6(5) reads ""Member States shall adopt and publish, by 30 June 2030, the laws, regulations and administrative provisions necessary to comply with Article 5 ... They shall apply those measures from 1 July 2030"", which is the value in mandatory_from. The replacement Arts. 217 and 218 at Art. 5 points (4) and (5), and the replacement Art. 222 first paragraph at Art. 5 point (8), were read verbatim.","No format cutover date is fixed for a future revision of EN 16931-1. Art. 218(3) cites the standard by reference to Directive 2014/55/EU, so a CEN revision published before 2030 would change what compliance means without any date appearing in this directive. | Art. 5 point (3) lets Member States make possession of a compliant electronic invoice a substantive condition for deducting or reclaiming VAT. Whether a given Member State takes that option is national law and is not recorded here. | The accreditation or assurance measures the new Art. 218(4) requires of Member States, and whether they will fall on issuers or on service providers, are not fixed by the directive.","Paired with Art. 5 point (8), which replaces the first paragraph of Art. 222: for supplies under Art. 138 and for supplies where VAT is payable by the customer under Arts. 194-197, ""an invoice shall be issued no later than 10 days following the chargeable event"" (also 10 days from receipt of a payment on account, and summary invoices no later than 10 days after the end of the month they cover). That 10-day clock is the operational change most small vendors will feel, and it starts on the same date as this row."
EU-e-invoicing-b2b-issue-member-state-option,EU,European Union (EU-level instrument),e-invoicing-b2b,Domestic B2B electronic invoicing - Member-State option (ViDA),issue,b2b,"Member States, not taxable persons. Art. 1(2) of Directive (EU) 2025/516 adds to Art. 218 of Directive 2006/112/EC: ""By way of derogation from the first paragraph of this Article, Member States may, in accordance with the conditions they lay down, require taxable persons established within their territory to issue electronic invoices for supplies of goods and services within their territory, other than those referred to in Article 262."" Art. 1(3) adds to Art. 232 that a Member State exercising that option may provide that use of such invoices is not subject to the recipient's acceptance. This row records the EU-level enabling date only. A duty on a business arises solely from the national act that uses it.",none,,,,,,"The EU provision sets no size test. Art. 1(2) hands the Member State the conditions (""in accordance with the conditions they lay down""), which is where every national turnover and headcount band in this dataset comes from.",Set by the Member State,,"Arts. 1(2) and 1(3) impose no format: the Member State lays down the conditions. The EN 16931 requirement arrives later, with the Art. 5 replacement of Art. 218 from 1 July 2030 (see EU-e-invoicing-b2b-issue-intra-community-structured), and even then the new Art. 218(3) lets Member States allow other standards for domestic supplies.",2025-04-14,,,"Council Directive (EU) 2025/516 of 11 March 2025 amending Directive 2006/112/EC as regards VAT rules for the digital age, Arts. 1(2), 1(3), 6(1) and 7",http://data.europa.eu/eli/dir/2025/516/oj,"Council Directive (EU) 2025/516 on VAT rules for the digital age (OJ L series, 2025/516, 25.3.2025)",eu_legal_act,,2026-10-07,verified,"Full English text of Council Directive (EU) 2025/516 read on 2026-10-07 from the Publications Office cellar, http://publications.europa.eu/resource/celex/32025L0516 with Accept: application/xhtml+xml and Accept-Language: eng. Art. 6(1) reads ""Member States may apply the laws, regulations and administrative provisions regarding Article 1, points 2 and 3 from 14 April 2025"", which is the value in mandatory_from. Arts. 1(2), 1(3) and 7 read verbatim; the OJ masthead on the text read is ""L series, 2025/516, 25.3.2025"".","This is an enabling date for Member States, not a date on which any taxable person must issue an electronic invoice. Do not render it as a company obligation or as an answer on a size-band page. | The directive text does not itself state that an Art. 395 authorisation ceases to be required in order to mandate domestic e-invoicing. What the text establishes is the enabling provisions and their date. The only Art. 395 references in the text read are recital (24) and Art. 6(5), both about pre-existing domestic real-time reporting systems. | Whether Art. 395 authorisations granted to individual Member States before this directive remain in force, and on what terms, was not established from the text read. | What happens to the EU enabling date in a Member State that has not legislated is outside this row: absence of a national row in this dataset means not yet recorded, not ""no duty"".","The hinge under every national domestic B2B mandate in this dataset. Art. 232 of Directive 2006/112/EC made the use of an electronic invoice subject to the recipient's acceptance; Art. 1(3) of 2025/516 lets a Member State that exercises the new Art. 218 option disapply that acceptance requirement for recipients established in its territory. Art. 7 sets entry into force at the twentieth day after OJ publication, and the OJ carrying the text is dated 25 March 2025, which is consistent with the 14 April 2025 date Art. 6(1) prints."
EU-e-invoicing-b2g-receive-contracting-authorities,EU,European Union (EU-level instrument),e-invoicing-b2g,Public-procurement electronic invoicing (Directive 2014/55/EU),receive,b2g,"Member States, which must ensure that contracting authorities and contracting entities receive and process electronic invoices (Art. 7). The duty lands on the public buyer, not on the supplier: the directive creates no obligation on an economic operator to invoice electronically. ""Contracting authorities"", ""sub-central contracting authorities"", ""central purchasing body"" and ""contracting entities"" take their Art. 2 meanings by reference to Directives 2009/81/EC, 2014/23/EU, 2014/24/EU and 2014/25/EU. Scope is electronic invoices issued under contracts to which those four directives apply (Art. 1), excluding contracts declared secret or requiring special security measures under Directive 2009/81/EC.",none,,,,,,"No size test of any kind. The obligation attaches to the status of the buyer as a contracting authority or contracting entity, not to turnover, headcount or contract value. Art. 3(1) and recitals 41-42 require that SMEs' and smaller authorities' needs be taken into account when the standard is drawn up and when support is offered; that is a design criterion, not an exemption.","EN 16931-1 semantic data model, carried in a syntax from the published list",EN 16931-1:2017,"The Art. 3(2) reference was published by Commission Implementing Decision (EU) 2017/1870, OJ L 266, 17.10.2017, p. 19. Its Art. 1 publishes ""EN 16931-1:2017, Electronic invoicing - Part 1: Semantic data model of the core elements of an electronic invoice"" together with the syntax list ""CEN/TS 16931-2:2017, Part 2"". The Annex names exactly two syntaxes: UN/CEFACT Cross Industry Invoice XML as specified in XML Schemas 16B (SCRDM - CII), and UBL invoice and credit note messages as defined in ISO/IEC 19845:2015. CEN issued both deliverables on 28 June 2017. Any later CEN amendment to EN 16931-1:2017 was not read.",2019-04-18,2020-04-18,"Art. 11(2) second subparagraph lets a Member State postpone the Art. 7 receive-and-process duty for its sub-central contracting authorities and contracting entities, by no more than 30 months after the OJ publication of the standard reference. It is a Member-State option exercisable for sub-central bodies only, not an EU-wide grace period: whether a state took it, and for which bodies, is a question of national law and belongs on that country's rows. Central-level bodies got no postponement beyond 18 April 2019.","Directive 2014/55/EU of the European Parliament and of the Council of 16 April 2014 on electronic invoicing in public procurement, Arts. 1, 2, 7 and 11; the calendar date is fixed by Art. 2 of Commission Implementing Decision (EU) 2017/1870",http://data.europa.eu/eli/dir/2014/55/oj,"Directive 2014/55/EU on electronic invoicing in public procurement (OJ L 133, 6.5.2014, p. 1)",eu_legal_act,http://data.europa.eu/eli/dec_impl/2017/1870/oj,2026-10-07,verified,"Full English text of Directive 2014/55/EU as adopted read on 2026-10-07 from the Publications Office cellar, http://publications.europa.eu/resource/celex/32014L0055 with Accept: application/xhtml+xml and Accept-Language: eng. Arts. 1, 2, 3(2), 7, 11 and 13 read verbatim. Commission Implementing Decision (EU) 2017/1870 read the same day from http://publications.europa.eu/resource/celex/32017D1870; its Art. 2 reads ""18 April 2019 is the final date for bringing into force of the measures referred to in the first subparagraph of Article 11(2) of Directive 2014/55/EU"", which is the value in mandatory_from. Art. 7 reads ""Member States shall ensure that contracting authorities and contracting entities receive and process electronic invoices which comply with the European standard on electronic invoicing ... and with any of the syntaxes on the list published pursuant to Article 3(2).""","tolerance_ends is derived, not quoted. Art. 11(2) expresses the sub-central maximum as a period (""30 months after publication of the reference""), not a calendar date, and no instrument read prints 18 April 2020. 2020-04-18 is the 30-month point under the same day-count the Commission itself used for the 18-month point in Art. 2 of Decision 2017/1870 (OJ publication 17.10.2017, entry into force 18.10.2017, 18 months = 18 April 2019). Treat the date as an arithmetic ceiling, not as a published date. | Whether each Member State used the sub-central postponement, for which bodies, and to what date, is national law and is not established by this row. | Art. 11(1)'s general transposition deadline of 27 November 2018 is deliberately not in mandatory_from. It is the deadline for the directive's other provisions; Art. 11(2) carves the Art. 7 receive-and-process duty out of it and dates it separately and later. | Whether any Member State extended the Art. 7 duty beyond the directive's scope - to contracts below the procurement thresholds, or to supplier-side issuing - is a national question not answered here.","This is the floor under every B2G row in the dataset: since 18 April 2019 a public buyer anywhere in the EU must be able to receive and process an EN 16931-compliant invoice in one of the two listed syntaxes. It says nothing about whether a supplier must send one - several member states added that themselves, and those duties are recorded on their own rows. Art. 9 leaves Directive 2006/112/EC untouched, so this row creates no VAT-invoicing obligation. The URL in secondary_source_urls is Commission Implementing Decision (EU) 2017/1870, itself a primary EU act; it sits there only because a v1 row has one source_url."
EU-e-reporting-report-domestic-convergence,EU,European Union (EU-level instrument),e-reporting,Domestic digital reporting - convergence of pre-existing national systems (ViDA),report,b2b,"Member States operating a domestic transaction-based reporting system, and through them the taxable persons established or identified for VAT purposes in their territory. Domestic reporting stays optional for the Member State: the new Art. 271a reads ""Member States may require that taxable persons established or identified for VAT purposes in their territory send electronically to their tax authorities data on the supplies of goods and services, other than those referred to in Article 262, made within their territory"" to themselves or to other taxable persons, and Art. 271a(4) lets a Member State limit the obligation to certain categories of taxable person or types of transaction. What stops being optional is the shape: a state that requires domestic reporting must run it on the harmonised Art. 271b model - per transaction, at invoice issuance, or within 5 days for self-billing and for the acquisition side.",none,,,,,,"The EU provision sets no size test, but explicitly permits one: Art. 271b(4) lets a Member State limit the scope to certain categories of taxable person. National thresholds for domestic reporting are therefore lawful and belong on that country's rows, not here.","Member State's choice, constrained to interoperate with EN 16931",,"No single format. The new Art. 271b(3) requires Member States to allow transmission of data from EN 16931-compliant electronic invoices, and permits other data formats ""provided that the other data formats ensure interoperability with that standard"". So the national format is open but EN 16931-tethered; there is no EU version or cutover date to record.",2030-07-01,2035-01-01,"Art. 6(5) second subparagraph: a Member State that, on 1 January 2024, already had a domestic digital real-time transaction-based reporting obligation in place - or had been granted an Art. 395 authorisation before that date allowing one, or, where no authorisation was needed, had adopted national legislation before that date providing for one - need only apply the Art. 5 point (5) measures on Art. 218 and the Art. 5 point (19) measures on Arts. 271a and 271b ""by 1 January 2035, in so far as domestic electronic invoicing and reporting are concerned"". It is a grandfathering window for the state's existing system, not a grace period for businesses: the national duty keeps running in its current form throughout. The window can be pushed further - if the Art. 271c interim report (due by 31 March 2033) finds shortcomings, the Commission is to assess the need for further measures and may propose postponing the deadline.","Council Directive (EU) 2025/516, Art. 5 point (19) (new Title XI, Chapter 6, Section 2, Arts. 271a-271c of Directive 2006/112/EC) and Art. 6(5)",http://data.europa.eu/eli/dir/2025/516/oj,"Council Directive (EU) 2025/516 on VAT rules for the digital age (OJ L series, 2025/516, 25.3.2025)",eu_legal_act,,2026-10-07,verified,"Read on 2026-10-07 from http://publications.europa.eu/resource/celex/32025L0516 (Accept: application/xhtml+xml, Accept-Language: eng). The new Arts. 271a, 271b and 271c at Art. 5 point (19) were read verbatim, as were both subparagraphs of Art. 6(5) and recital (24), which explains the 2035 window as an exceptional accommodation for states and taxable persons that have ""recently made significant investments"" in existing systems.","Which Member States qualify for the 1 January 2035 window is not listed anywhere in the directive. It has to be established state by state against the three alternative tests in Art. 6(5) as they stood on 1 January 2024, and that determination has not been made for any country in this dataset yet. | The 2035 date is conditional. Art. 6(5) and recital (24) both allow it to be postponed if the Art. 271c interim report (due 31 March 2033) reveals shortcomings, so it is the current ceiling rather than a settled date. | Art. 5 point (20) amends Art. 273 to bar new additional general transaction-based reporting obligations beyond Chapter 6, while letting pre-2024 systems run ""until they implement"" a compliant system. How that interacts with the 2035 date for a state that converges early was not resolved from the text read. | format_version is null by nature, not by omission: the directive sets an interoperability requirement rather than naming a format, so there is no EU-level version to track.","Why this row matters commercially: it is the reason a vendor cannot assume that a national e-reporting system they integrate against today will look the same in 2031. Italy's SdI and comparable pre-2024 systems sit inside this window. The row records the EU-level date and the window only; the per-country consequence has to be sourced from each national instrument, and none of those determinations are in the dataset yet."
EU-e-reporting-report-intra-community,EU,European Union (EU-level instrument),e-reporting,Intra-Community digital reporting requirements (ViDA),report,cross-border-b2b,"Every taxable person identified for VAT purposes, for the transactions listed in the new Art. 262(1): Art. 138(1) and 138(2)(c) supplies and transfers of goods; intra-Community acquisitions under Art. 20 and transactions treated as such under Arts. 21-22; and non- exempt supplies and acquisitions where the customer is liable for VAT under Arts. 194-197 or 204. Reporting runs per transaction, not per period: data go in at the time the invoice is issued or should have been issued (new Art. 263(1)), within 5 days where the customer self-bills, and within 5 days of receiving the invoice on the acquisition side (new Art. 263(2)). Member States may waive the acquisition-side legs under Art. 262(4), and taxable persons in the Title XII Chapter 6 Section 5 special scheme are carved out of the own-goods transfer legs by Art. 262(3).",none,,,,,,"No size test. Identification for VAT purposes plus a listed transaction is the whole test; the Art. 262(3) and 262(4) carve-outs turn on scheme and Member-State choice, not on size.",Common electronic message to be determined under Art. 58(2) of Regulation (EU) No 904/2010,,"The directive does not name the reporting format. The new Art. 263(4) leaves the common electronic message to the Art. 58(2) Regulation 904/2010 comitology procedure, so no version exists to record yet. The new Art. 263(3) does require Member States to allow transmission of data that comply with the EN 16931 standard and syntax list under Directive 2014/55/EU, so an EN 16931 invoice must be an accepted carrier whatever the message becomes.",2030-07-01,,,"Council Directive (EU) 2025/516, Art. 5 points (14)-(18) (replacing Arts. 262-264 and deleting Arts. 265-271 of Directive 2006/112/EC) and Art. 6(5)",http://data.europa.eu/eli/dir/2025/516/oj,"Council Directive (EU) 2025/516 on VAT rules for the digital age (OJ L series, 2025/516, 25.3.2025)",eu_legal_act,,2026-10-07,verified,"Read on 2026-10-07 from http://publications.europa.eu/resource/celex/32025L0516 (Accept: application/xhtml+xml, Accept-Language: eng). The replacement Arts. 262 and 263 at Art. 5 points (15) and (16) were read verbatim, as was Art. 5 point (18) deleting Arts. 265 to 271, and the new Chapter 6 Section 1 heading ""DIGITAL REPORTING REQUIREMENTS FOR CROSS-BORDER SUPPLIES OF GOODS AND SERVICES WITHIN THE COMMUNITY MADE BETWEEN TAXABLE PERSONS"". Art. 6(5) supplies the 1 July 2030 application date.","format_version is null because the common electronic message does not exist yet: the new Art. 263(4) defers it to an Art. 58(2) Regulation (EU) No 904/2010 procedure with no deadline in the directive. Re-check before 2030. | The data set itself sits in the replacement Art. 264 (Art. 5 point (17)), which was not read field by field for this row. Recital (8) flags that additional data including bank details are required beyond what recapitulative statements carried. | Which Member States will exercise the Art. 262(4) option to drop the acquisition-side reporting legs is not established.","This replaces the recapitulative statement, it does not sit alongside it: Art. 5 point (18) deletes Arts. 265 to 271 outright. Recital (14) states the obligation to submit recapitulative statements is removed because those transactions move under the digital reporting requirements with more detailed and timelier information. Art. 271c requires the Commission to present an interim evaluation report to the Council by 31 March 2033, which is the hook the convergence deadline on EU-e-reporting-report-domestic-convergence can be extended through."
FR-e-invoicing-b2b-issue-grandes-entreprises-et-eti,FR,France,e-invoicing-b2b,Facturation électronique — domestic B2B e-invoicing reform,issue,b2b,"Grandes entreprises and entreprises de taille intermédiaire (ETI), plus any company that opted into the reform early. DGFiP: ""À compter du 1er septembre 2026, les grandes entreprises et les entreprises de taille intermédiaire...""",headcount,250,,gte,"Headcount leg of the PME test in article 3 of décret n° 2008-1354; must be read together with threshold_definition, because the real boundary is composite.","the last closed accounting year, per the company-size categories of décret n° 2008-1354","In scope if the company is NOT a PME within the meaning of article 3 of décret n° 2008-1354. A PME employs fewer than 250 persons AND has either annual turnover not exceeding EUR 50 million or a balance-sheet total not exceeding EUR 43 million. So this row applies if the company employs 250 or more persons, OR employs fewer than 250 but exceeds both EUR 50 million turnover and EUR 43 million balance-sheet total. The headcount and financial tests are cumulative within the PME definition; the two financial criteria are alternatives to each other. Encoding this as a bare ""250 employees"" rule would wrongly exempt a 200-person company with EUR 60m turnover and a EUR 50m balance sheet.","Factur-X, UBL or CII",,"Factur-X, UBL and CII are the permitted structured formats; versions are not stated in the DGFiP guide read for this row. See unknowns.",2026-09-01,,,"Ordonnance n° 2021-1190 du 15 septembre 2021, as amended; company-size categories per article 3 of décret n° 2008-1354 du 18 décembre 2008.",https://www.impots.gouv.fr/sites/default/files/media/1_metier/2_professionnel/EV/2_gestion/290_facturation_electronique/guide_pratique_facturation_electronique.pdf,"DGFiP, ""Facturation électronique : guide pratique de démarrage au 1er septembre 2026"", July 2026 (impots.gouv.fr)",tax_authority,https://www.legifrance.gouv.fr/loda/id/JORFTEXT000019961059/,2026-10-07,verified,"Two primary sources read on 2026-10-07. Dates from the DGFiP July 2026 practical guide. Size categories from article 3 of décret n° 2008-1354 on Legifrance, including the ""moins de 250 personnes"", ""50 millions d'euros"" and ""43 millions d'euros"" figures and the fact that the financial criteria are alternatives.","Permitted format versions (Factur-X, UBL, CII) not stated in the source read. | Whether company size is assessed at group or at legal-entity level for this reform is not established. Décret n° 2008-1354 defines categories; which consolidation perimeter DGFiP applies for e-invoicing scope was not found. | The accompanying e-reporting duty for this cohort is not yet recorded as its own row.","threshold_value 250 is the headcount leg only. Any consumer rendering this row must show threshold_definition alongside it, or it will give a wrong answer to mid-sized companies. The ETI upper bound (fewer than 5,000 persons, turnover up to EUR 1,500m or balance-sheet total up to EUR 2,000m) does not affect scope here, because grandes entreprises are caught on the same date."
FR-e-invoicing-b2b-issue-pme-tpe-micro,FR,France,e-invoicing-b2b,Facturation électronique — domestic B2B e-invoicing reform,issue,b2b,"PME, TPE and micro-entreprises that did not opt into the reform early. DGFiP: ""Pour les PME, TPE et micro-entreprises, cette obligation d'émission s'applique à compter du 1er septembre 2027.""",headcount,250,,lt,Headcount leg of the PME test in article 3 of décret n° 2008-1354; read with threshold_definition.,"the last closed accounting year, per the company-size categories of décret n° 2008-1354","In scope if the company IS a PME within the meaning of article 3 of décret n° 2008-1354: fewer than 250 persons employed AND either annual turnover not exceeding EUR 50 million or a balance-sheet total not exceeding EUR 43 million. Micro-entreprise, a subset: fewer than 10 persons and turnover or balance-sheet total not exceeding EUR 2 million.","Factur-X, UBL or CII",,"Factur-X, UBL and CII are the permitted structured formats; versions are not stated in the DGFiP guide read for this row. See unknowns.",2027-09-01,,,"Ordonnance n° 2021-1190 du 15 septembre 2021, as amended; company-size categories per article 3 of décret n° 2008-1354 du 18 décembre 2008.",https://www.impots.gouv.fr/sites/default/files/media/1_metier/2_professionnel/EV/2_gestion/290_facturation_electronique/guide_pratique_facturation_electronique.pdf,"DGFiP, ""Facturation électronique : guide pratique de démarrage au 1er septembre 2026"", July 2026 (impots.gouv.fr)",tax_authority,https://www.legifrance.gouv.fr/loda/id/JORFTEXT000019961059/,2026-10-07,verified,"DGFiP guide read on 2026-10-07, which states the 1 September 2027 issuing date for PME, TPE and micro-entreprises and confirms such a company may opt in early. Size categories read the same day in article 3 of décret n° 2008-1354 on Legifrance.","Permitted format versions (Factur-X, UBL, CII) not stated in the source read. | No tolerance or penalty-grace window for this cohort was found in the guide. Absence of a found tolerance is not proof none exists.",This cohort is still bound to RECEIVE from 1 September 2026 — see FR-e-invoicing-b2b-receive-all. A consumer that renders only this row for a small French company will understate its 2026 obligation by a full year.
FR-e-invoicing-b2b-receive-all,FR,France,e-invoicing-b2b,Facturation électronique — domestic B2B e-invoicing reform,receive,b2b,"All companies within the scope of the reform, regardless of size. DGFiP: ""toutes les entreprises concernées par la réforme doivent avoir la capacité de recevoir des factures électroniques dès le 1er septembre 2026.""",none,,,,,,"No size test on the receiving duty. This is the fact most French SMEs get wrong: the widely-quoted ""September 2027 for SMEs"" date is the ISSUING date only. A micro-entreprise must be able to receive a year earlier, because large enterprises and ETI start issuing to it on 1 September 2026.","Factur-X, UBL or CII",,"Three structured formats are permitted under the reform — Factur-X, UBL and CII. The DGFiP practical guide read for this row names the reform's framework but does not state version numbers, and the ""spécifications externes"" document that carries them was not retrieved. Format versions are an open unknown on this row, not an omission.",2026-09-01,,,"Ordonnance n° 2021-1190 du 15 septembre 2021 relative à la généralisation de la facturation électronique, as amended; calendar as stated by DGFiP in its July 2026 practical guide.",https://www.impots.gouv.fr/sites/default/files/media/1_metier/2_professionnel/EV/2_gestion/290_facturation_electronique/guide_pratique_facturation_electronique.pdf,"DGFiP, ""Facturation électronique : guide pratique de démarrage au 1er septembre 2026"", Direction générale des Finances publiques, July 2026 (impots.gouv.fr)",tax_authority,https://www.impots.gouv.fr/sites/default/files/media/1_metier/2_professionnel/EV/2_gestion/290_facturation_electronique/fiche-3_tpe_a-partir-de-quand-mon-entreprise-doit-etre-prete.pdf,2026-10-07,verified,"DGFiP guide PDF retrieved and read in full on 2026-10-07. It states the 1 September 2026 reception date for all companies in scope, and confirms the statutory calendar is being maintained (""le maintien du calendrier légal""). Reception runs through an approved platform (Plateforme Agréée).","Permitted format versions (Factur-X, UBL, CII) are not stated in the DGFiP guide read; the ""spécifications externes"" document carrying them was not retrieved. | The ordonnance article numbers were not read on Legifrance this cycle. The dates come from DGFiP, a primary tax-authority source, but the statutory citation should be confirmed before it is quoted to a customer as a legal reference. | The e-reporting (transmission de données de transaction) obligation that accompanies the reform is not yet recorded as its own row.","impots.gouv.fr/facturation-electronique 302-redirects to collectivites-locales.gouv.fr and economie.gouv.fr returned HTTP 403 to this host, so the DGFiP guide PDF was the usable primary source."
GR-e-invoicing-b2b-issue-revenue-gt-1m-eur,GR,Greece,e-invoicing-b2b,Mandatory electronic invoicing (myDATA / ηλεκτρονική τιμολόγηση),issue,b2b,"Businesses in Greece with gross revenue exceeding EUR 1,000,000, for sales of goods and provision of services to other businesses.",revenue_or_fees,1000000,EUR,gt,Gross revenue (ακαθάριστα έσοδα),"tax year 2023 — a fixed historical year, not a rolling period","First-phase cohort: businesses whose gross revenue for tax year 2023 exceeded EUR 1,000,000. As with Poland's PLN 200m test, the reference year is fixed, so a business above the line in 2023 stays in the first phase regardless of later contraction.",,,"Format not recorded. Compliance is by using a certified Electronic Invoicing Provider or AADE's free applications (timologio, myDATAapp), but the required document schema and its version were not established from a source read. The myDATA REST API documentation (v2.0.2) is published by AADE but was not retrieved.",2026-03-02,2026-05-03,"Transitional period reported as running 2 March – 3 May 2026, during which parallel use of existing business-management software, or a special registration form, was permitted alongside the new obligation. Whether this suspends penalties or permits non-compliant issuing outright is not established from a source read.","Joint decision of the Deputy Minister of National Economy and Finance and the Governor of AADE, A.1044/17-02-2026, which postponed the first-period dates; underlying mandatory e-invoicing framework under the myDATA legislation.",https://www.aade.gr/egkyklioi-kai-apofaseis/mydata-diataxeis/1044-17-02-2026,"AADE decision A.1044/17-02-2026 — myDATA provisions, Independent Authority for Public Revenue (aade.gr). NOT READ: returned HTTP 403 to this host on 2026-10-07.",secondary,https://www.aade.gr/sites/default/files/2026-02/dt_17.02.2026.pdf | https://www.aade.gr/sites/default/files/2025-09/dt_16.09.2025..pdf | https://www.aade.gr/en/mandatory-electronic-invoicing-digital-goods-movement-documents-frequently-asked-questions-answers,2026-10-07,reported,"Not verified. Every aade.gr URL above returned HTTP 403 to this host on 2026-10-07, so no AADE text was read. The dates, the EUR 1,000,000 threshold, the 2023 reference year and the 2 March – 3 May 2026 transitional window all come from search-index extractions of AADE's own press releases (dt_17.02.2026.pdf and dt_16.09.2025.pdf) rather than from the documents themselves. Treat as a credible secondary report pending re-verification.","Nothing on this row has been read from a primary source. All of it needs re-verification from an unblocked network path. | Original first-phase date was reported as 2 February 2026 and postponed to 2 March 2026 by A.1044/17-02-2026. The postponement is reported, not confirmed. | Required document format and schema version not established. | Whether the transitional period suspends penalties or permits non-compliant issuing is not established.",Scope is reported as covering sales of goods and services between businesses in Greece and businesses in third countries outside the EU. A separate digital goods-movement document obligation runs alongside the invoicing one and is not yet a row.
GR-e-invoicing-b2b-issue-revenue-lte-1m-eur,GR,Greece,e-invoicing-b2b,Mandatory electronic invoicing (myDATA / ηλεκτρονική τιμολόγηση),issue,b2b,"All remaining businesses in Greece — those whose gross revenue did not exceed EUR 1,000,000 in the reference year.",revenue_or_fees,1000000,EUR,lte,Gross revenue (ακαθάριστα έσοδα),"tax year 2023 — a fixed historical year, not a rolling period","The residual cohort, reported as becoming subject to mandatory electronic invoicing on 1 October 2026.",,,Format not recorded. Compliance by certified Electronic Invoicing Provider or AADE's free timologio / myDATAapp applications; schema and version not established.,2026-10-01,,,"Joint decision of the Deputy Minister of National Economy and Finance and the Governor of AADE, A.1044/17-02-2026; underlying myDATA mandatory e-invoicing framework.",https://www.aade.gr/egkyklioi-kai-apofaseis/mydata-diataxeis/1044-17-02-2026,AADE decision A.1044/17-02-2026 — myDATA provisions (aade.gr). NOT READ: returned HTTP 403 to this host on 2026-10-07.,secondary,https://www.aade.gr/sites/default/files/2026-02/dt_17.02.2026.pdf | https://www.aade.gr/sites/default/files/2026-09/DT_22.09.2026.pdf,2026-10-07,reported,"Not verified — aade.gr returned HTTP 403 to this host on 2026-10-07 for every URL tried. The 1 October 2026 date comes from a search-index extraction of AADE press material, not from a document read. An AADE press release dated 22 September 2026 exists and may carry a further change to this date; it could not be retrieved.",Nothing on this row has been read from a primary source. | An AADE press release dated 22 September 2026 (DT_22.09.2026.pdf) was identified but not retrieved. It is dated nine days before this obligation's reported start and could amend it. This is the specific reason the row must not be sold as verified. | No transitional or penalty-tolerance window was identified for this cohort; absence of a found tolerance is not evidence none exists. | Required document format and schema version not established.,"This date has already passed as at 2026-10-07, which raises rather than lowers the cost of getting it wrong: a buyer reading this row is asking whether they are currently non-compliant. Until re-verified, any consumer must render it as reported and attributed."
HR-e-invoicing-b2b-issue-non-vat-registered,HR,Croatia,e-invoicing-b2b,HR Fiskalizacija 2.0 — eRačun in business between taxable persons,issue,b2b,"Payers of income tax on self-employment and payers of corporate income tax who are NOT entered in the VAT register but have their seat, residence or habitual residence in Croatia (čl. 38(1)(2)); and bodies of state administration, local and regional self-government units and budgetary and extra-budgetary users entered in the Register of budgetary and extra-budgetary users who are not entered in the VAT register (čl. 38(1)(3)).",entity_type,,,,"Not entered in the Croatian VAT register — income-tax or corporate-tax payer, or a public body in the Register of budgetary and extra-budgetary users",,"Entity-class discriminator, no size test. These are the two categories that čl. 80 defers: their duty to ISSUE starts 2027-01-01, a year after the VAT-registered cohort. Their duty to RECEIVE is not deferred and starts 2026-01-01 — see HR-e-invoicing-b2b-receive-all. The year's gap between having to accept eRačune and having to send them is the single most misread fact about the Croatian mandate.",EU norma (EN 16931-1:2017 with the Croatian Porezna uprava extensions),EN 16931-1:2017,"Same format duty as the VAT-registered cohort — see HR-e-invoicing-b2b-issue-vat-registered. For this cohort čl. 54–56 additionally provide the free MIKROeRAČUN application as an issuing route, and čl. 80 brings čl. 54–56 into force (in the part concerning issuing eRačune via MIKROeRAČUN) on the same 2027-01-01 date.",2027-01-01,,,"Zakon o fiskalizaciji (""Narodne novine"" br. 89/2025), čl. 38(1)(2) and (3), čl. 38(2), čl. 54–56; commencement under čl. 80.",https://narodne-novine.nn.hr/eli/sluzbeni/2025/89/1233/pdf,"Zakon o fiskalizaciji, Narodne novine br. 89, 13 June 2025, act no. 1233 (official gazette PDF)",official_gazette,https://narodne-novine.nn.hr/clanci/sluzbeni/full/2025_06_89_1233.html,2026-10-07,verified,"Read verbatim from the gazette on 2026-10-07. Čl. 80 provides that the Act enters into force on 2025-09-01 except for listed provisions including ""članaka 33. do 43., članka 45., članaka 47. do 57. ... koji stupaju na snagu 1. siječnja 2026. te članka 38. stavka 1. točaka 2. i 3. i članaka 54. do 56. u dijelu koji se odnosi na izdavanje eRačuna putem aplikacije MIKROeRAČUN koji stupaju na snagu 1. siječnja 2027."" That carve-out is the whole basis of this row's 2027-01-01 date.",Croatian CIUS version not established — same gap as the VAT-registered row. | Whether a non-VAT-registered entity that becomes VAT-registered between 2026-01-01 and 2027-01-01 is pulled onto the earlier issuing date from the moment of registration is not addressed by the provisions read.,"Public bodies sit in this cohort only when they are NOT VAT-registered. A VAT-registered public body falls under čl. 38(1)(1) and is bound to issue from 2026-01-01. Note also that this B2B/domestic regime is separate from Croatia's older public-procurement e-invoicing duty, which has bound suppliers to public bodies since 2019 — see HR-e-invoicing-b2g-issue-all."
HR-e-invoicing-b2b-issue-vat-registered,HR,Croatia,e-invoicing-b2b,HR Fiskalizacija 2.0 — eRačun in business between taxable persons,issue,b2b,"Taxable persons with their seat, residence or habitual residence in Croatia who are entered in the VAT register (registar obveznika PDV-a), for domestic transactions carried out to a recipient of an eRačun — čl. 38(1)(1) and čl. 38(2).",entity_type,,,,Entered in the Croatian VAT register (upisan u registar obveznika PDV-a),,"No turnover or headcount test anywhere in the Act. The discriminator is entity class, and it decides the DATE, not whether the duty applies at all: VAT-registered issuers are bound from 2026-01-01 (čl. 38(1)(1)), while non-VAT-registered income-tax and corporate-tax payers and public bodies are bound to issue only from 2027-01-01 (čl. 38(1)(2) and (3), deferred by čl. 80). This is a live discriminator — a Croatian business genuinely has to know whether it is on the VAT register to know which of the two dates binds it.",EU norma (EN 16931-1:2017 with the Croatian Porezna uprava extensions),EN 16931-1:2017,"Čl. 36: ""Svaki eRačun mora biti u skladu s EU normom."" Čl. 2(9) defines ""EU norma"" as EN 16931-1:2017 TOGETHER WITH the ""Tehnička specifikacija osnovne uporabe eRačuna s proširenjima"" issued by the Porezna uprava, which describes how the EU norm is applied and extended — i.e. a Croatian CIUS, and compliance with bare EN 16931 is not enough. The version of that Croatian technical specification is not pinned by the Act and was not established; see unknowns. Čl. 42 additionally requires every goods or services line to carry the correct six-digit KPD classification code maintained by the Državni zavod za statistiku, which is a Croatia-specific content requirement on top of the EU norm.",2026-01-01,,,"Zakon o fiskalizaciji (""Narodne novine"" br. 89/2025), čl. 38(1)(1), čl. 38(2), čl. 36, čl. 2(9), čl. 42; commencement under čl. 80.",https://narodne-novine.nn.hr/eli/sluzbeni/2025/89/1233/pdf,"Zakon o fiskalizaciji, Narodne novine — Službeni list Republike Hrvatske, broj 89, 13 June 2025, act no. 1233 (official gazette PDF)",official_gazette,https://narodne-novine.nn.hr/clanci/sluzbeni/full/2025_06_89_1233.html | https://porezna.gov.hr/fiskalizacija/bezgotovinski-racuni/bezgotovinski-racuni-novosti/o/objavljen-zakon-o-fiskalizaciji,2026-10-07,verified,"Official gazette PDF retrieved and text-extracted on 2026-10-07, and čl. 38, čl. 36, čl. 41, čl. 47 and čl. 80 read in the original Croatian. Čl. 38(1)(1) binds ""porezni obveznik sa sjedištem, prebivalištem ili uobičajenim boravištem u tuzemstvu koji je upisan u registar obveznika PDV-a"". Čl. 80 brings čl. 33–43 into force on 2026-01-01 and carves out only čl. 38 st. 1 toč. 2. i 3. and čl. 54–56 to 2027-01-01, which is what puts category 1 on the earlier date. The gazette was read directly because a first pass over the HTML rendering returned a staging that the gazette text does not support.","The version of the Porezna uprava ""Tehnička specifikacija osnovne uporabe eRačuna s proširenjima"" (the Croatian CIUS) is not pinned by the Act and was not established. Since čl. 2(9) makes that specification part of the binding ""EU norma"", its version is a live compliance variable that no gazette will announce. | Whether a taxable person not established in Croatia but registered for Croatian VAT is inside čl. 38(1)(1) is not resolved: the provision requires both VAT registration AND a domestic seat, residence or habitual residence, but the treatment of a non-established VAT registrant is not spelled out. | The pravilnik under čl. 32 (ministerial implementing regulation, due within 90 days of commencement per čl. 77) has not been read and may carry further format or process detail.",Scope limits worth knowing. Čl. 33(3): the eRačun provisions apply only to DOMESTIC transactions. Čl. 33(2): they do not apply to supplies under contracts protected by a prescribed degree of secrecy or requiring special security measures. Čl. 39: a transaction paid in cash or by card for which a receipt was issued and fiscalised under čl. 15 may be exempt from issuing an eRačun — and where that route is used an eRačun must NOT also be issued. Čl. 38(3) closes the obvious gap: an issuer who is exempt but issues an invoice anyway must issue it as an eRačun with all the duties attached. Čl. 35: issued and received eRačuni must be kept in original form for six years from the end of the year of issue.
HR-e-invoicing-b2b-receive-all,HR,Croatia,e-invoicing-b2b,HR Fiskalizacija 2.0 — eRačun in business between taxable persons,receive,b2b,"Every ""primatelj eRačuna"" as defined in čl. 2(24): (a) a taxable person established in Croatia and entered in the VAT register; (b) a non-VAT-registered payer of income tax on self-employment or of corporate income tax established in Croatia; (c) bodies of state administration, local and regional self-government units, and budgetary and extra-budgetary users in the Register who are not VAT-registered.",entity_type,,,,Any recipient of an eRačun under čl. 2(24) — VAT-registered or not,,"No size test and, critically, NO entity-class deferral on the receiving side. Čl. 41 falls inside the čl. 33–43 block that čl. 80 brings into force on 2026-01-01, and the čl. 80 carve-out to 2027-01-01 names only čl. 38 st. 1 toč. 2. i 3. (issuing) and čl. 54–56. So all three recipient categories must be able to receive from 2026-01-01, including the ones that do not have to issue until 2027-01-01.",EU norma (EN 16931-1:2017 with the Croatian Porezna uprava extensions),EN 16931-1:2017,"Čl. 41 requires receipt ""na način propisan člankom 37. ovoga Zakona"" — čl. 37(1) routes exchange through access points (pristupne točke), which čl. 37(2) obliges to guarantee standardised formats, protocols and interoperability. Čl. 37(3) permits exchange by other technologies and procedures provided authenticity of origin, integrity of content and legibility are preserved, so the access-point route is the default rather than the only lawful channel. Čl. 38(4) requires the access point's identity to be proven by digital certificate with a mandatory OIB signing the message.",2026-01-01,,,"Zakon o fiskalizaciji (""Narodne novine"" br. 89/2025), čl. 41, čl. 37, čl. 2(24), čl. 38(4); commencement under čl. 80.",https://narodne-novine.nn.hr/eli/sluzbeni/2025/89/1233/pdf,"Zakon o fiskalizaciji, Narodne novine br. 89, 13 June 2025, act no. 1233 (official gazette PDF)",official_gazette,,2026-10-07,verified,"Čl. 41 read verbatim on 2026-10-07: ""Primatelj eRačuna dužan je zaprimiti eRačun na način propisan člankom 37. ovoga Zakona."" The definition of primatelj eRačuna at čl. 2(24)(a)–(c) was read and covers all three entity categories. The 2026-01-01 date follows from čl. 80 listing čl. 33–43 for that date with no receiving-side carve-out.","Croatian CIUS version not established — same gap as the issuing rows. | The list of authorised access points (pristupne točke) and whether a recipient must register with one by a specific date was not established; čl. 46 makes publication on the Lista identifikatora poreznih obveznika voluntary, which leaves open how an issuer discovers a recipient's address.","This is the row that bites first and the one most likely to be missed. A small non-VAT-registered Croatian trader has no duty to issue an eRačun until 2027-01-01 but must already be able to receive and fiscalise one from 2026-01-01, because its VAT-registered suppliers are obliged to send one from that date."
HR-e-invoicing-b2g-issue-all,HR,Croatia,e-invoicing-b2g,HR public procurement — eRačun in javnoj nabavi,issue,b2g,Suppliers and service providers issuing invoices in public procurement procedures to Croatian contracting authorities and contracting entities.,none,,,,,,"No size test identified. Croatia went further than Directive 2014/55/EU requires: the directive obliges only the contracting authority to RECEIVE, whereas Croatia also obliges the supplier to ISSUE electronically, which is why this is recorded as a direction=issue row rather than only a receiving duty.",EN 16931 (European standard on electronic invoicing),EN 16931-1:2017,"Format recorded from the standard that Directive 2014/55/EU requires and that čl. 2(9) of the 2025 Zakon o fiskalizaciji also adopts; the 2018 public-procurement act's own format provision and any Croatian CIUS version for B2G were not read. Note čl. 33(1) of the 2025 Act: the rules on issuing eRačune in public procurement apply mutatis mutandis to the B2B eRačun regime, so the two regimes are deliberately aligned.",2019-07-01,,,"Zakon o elektroničkom izdavanju računa u javnoj nabavi (""Narodne novine"" br. 94/2018), transposing Directive 2014/55/EU. The gazette text was not read.",https://mingo.gov.hr/vijesti/objavljen-zakon-o-elektronickom-izdavanju-racuna-u-javnoj-nabavi/6406,"Ministarstvo gospodarstva (Croatian Ministry of Economy), ""Objavljen Zakon o elektroničkom izdavanju računa u javnoj nabavi""",secondary,https://www.teb.hr/novosti/2018/zakon-o-elektronickom-izdavanju-racuna-u-javnoj-nabavi-nar-nov-br-9418/ | https://www.iusinfo.hr/aktualno/u-sredistu/51276,2026-10-07,reported,"The Act's existence, its gazette reference (NN 94/2018), its entry into force on 2018-11-01 and the two operative dates (authorities receive from 2018-12-01, suppliers issue from 2019-07-01) are consistent across the Ministry of Economy's own announcement and Croatian practitioner sources read on 2026-10-07. The gazette text itself was not retrieved, so this is graded reported. Primary source supremacy: it becomes verified when NN 94/2018 is read, not because several sources agree.","The gazette text of NN 94/2018 has not been read. The 2019-07-01 issuing date and the 2018-12-01 receiving date rest on the Ministry's announcement and secondary coverage, not on the statute. | Article numbers for the issuing duty and the format provision are not recorded. | Whether the 2025 Zakon o fiskalizaciji amended or displaced any part of the 2018 act was not checked; čl. 33(1) cross-refers to it rather than repealing it, and čl. 79 repeals only the old cash-fiscalisation act.","Croatia has had a working national e-invoicing channel since 2019, which is why the 2026 B2B mandate is a smaller step there than the same date would be elsewhere."
HR-e-invoicing-b2g-receive-all,HR,Croatia,e-invoicing-b2g,HR public procurement — eRačun in javnoj nabavi,receive,b2g,"Croatian contracting authorities and contracting entities, obliged to receive electronic invoices in public procurement.",none,,,,,,No size test. The duty attaches to the contracting authority.,EN 16931 (European standard on electronic invoicing),EN 16931-1:2017,Core invoice model under EN 16931-1:2017. The 2018 act's own format provision was not read; no B2G Croatian CIUS version is recorded.,2018-12-01,,,"Zakon o elektroničkom izdavanju računa u javnoj nabavi (""Narodne novine"" br. 94/2018), transposing Directive 2014/55/EU art. 7 and art. 11.",https://mingo.gov.hr/vijesti/objavljen-zakon-o-elektronickom-izdavanju-racuna-u-javnoj-nabavi/6406,"Ministarstvo gospodarstva, ""Objavljen Zakon o elektroničkom izdavanju računa u javnoj nabavi""",secondary,https://www.teb.hr/novosti/2018/zakon-o-elektronickom-izdavanju-racuna-u-javnoj-nabavi-nar-nov-br-9418/,2026-10-07,reported,"Receiving date of 2018-12-01 taken from the Ministry of Economy announcement and Croatian practitioner coverage read on 2026-10-07. Gazette text not read, so graded reported.","NN 94/2018 gazette text not read; the 2018-12-01 date rests on secondary description. | Whether the receiving duty was staged between central and sub-central authorities, as Directive 2014/55/EU permits, is not recorded.","Recorded separately from the issuing duty because the dates differ by seven months, and a supplier reconstructing its 2019 position needs to know that authorities could already receive before suppliers were obliged to send."
HR-e-reporting-issue-all,HR,Croatia,e-reporting,HR Fiskalizacija 2.0 — fiscalisation of eRačuni to the Porezna uprava,issue,b2b,"The issuer of an eRačun, obliged under čl. 47 to carry out fiscalisation of the eRačun for every eRačun issued, by transmitting the prescribed čl. 48 data into the Sustav za fiskalizaciju.",none,,,,,,"No size test. Čl. 47 attaches to every issued eRačun. In practice the reporting duty is reached only once a party is obliged to issue, so the entity-class dates on the e-invoicing rows govern when this one starts to bite for a given business.",Sustav za fiskalizaciju eRačuna data set (čl. 48),,"The Act prescribes the data to be delivered (čl. 48) rather than naming a published format with a version number, and the technical specification is left to the pravilnik under čl. 32, which the Minister of Finance must adopt within 90 days of commencement (čl. 77) and which has not been read. No version can honestly be recorded yet.",2026-01-01,,,"Zakon o fiskalizaciji (""Narodne novine"" br. 89/2025), čl. 47, čl. 48, čl. 2(10); commencement under čl. 80.",https://narodne-novine.nn.hr/eli/sluzbeni/2025/89/1233/pdf,"Zakon o fiskalizaciji, Narodne novine br. 89, 13 June 2025, act no. 1233 (official gazette PDF)",official_gazette,,2026-10-07,verified,"Čl. 47 read verbatim on 2026-10-07: ""Obvezu fiskalizacije eRačuna izdavatelj eRačuna i primatelj eRačuna dužni su provoditi za svaki izdani i zaprimljeni eRačun."" Čl. 2(10) defines fiskalizacija eRačuna as delivering prescribed eRačun data into the Sustav za fiskalizaciju, covering both issuing and receiving. Čl. 47 sits in the čl. 47–57 block that čl. 80 brings into force on 2026-01-01.","The deadline for transmitting the fiscalisation data — real-time, same-day, or within a stated window — was not established from the provisions read. For a reporting regime that is the most commercially important single parameter, and it is probably in the čl. 32 pravilnik. | The technical format and its version are not established pending the čl. 32 pravilnik.","Recorded as e-reporting rather than e-invoicing deliberately, the same call as Hungary. The duty here is to tell the Porezna uprava about the invoice, which is a different obligation from the duty to render the invoice in the EU norm. Croatia is unusual in running both at once from the same date, and in putting the reporting duty on the RECIPIENT as well as the issuer — see HR-e-reporting-receive-all."
HR-e-reporting-receive-all,HR,Croatia,e-reporting,HR Fiskalizacija 2.0 — fiscalisation of eRačuni to the Porezna uprava,receive,b2b,"The recipient of an eRačun, obliged under čl. 47 to carry out fiscalisation for every eRačun received. Čl. 51–53 additionally cover reporting of rejected and of paid eRačuni.",none,,,,,,No size test. Every recipient under čl. 2(24) — including non-VAT-registered traders and public bodies that have no issuing duty until 2027-01-01 — must fiscalise what it receives from 2026-01-01.,"Sustav za fiskalizaciju eRačuna data set (čl. 48, čl. 51–53)",,"As with the issuing side, the Act prescribes data rather than a versioned published format; the čl. 32 pravilnik carries the technical detail and has not been read.",2026-01-01,,,"Zakon o fiskalizaciji (""Narodne novine"" br. 89/2025), čl. 47, čl. 48, čl. 51–53; commencement under čl. 80.",https://narodne-novine.nn.hr/eli/sluzbeni/2025/89/1233/pdf,"Zakon o fiskalizaciji, Narodne novine br. 89, 13 June 2025, act no. 1233 (official gazette PDF)",official_gazette,,2026-10-07,verified,Čl. 47 read verbatim on 2026-10-07 and names the primatelj eRačuna alongside the izdavatelj as an obligor for every received eRačun. Čl. 80 places čl. 47–57 at 2026-01-01.,Transmission deadline for recipient-side fiscalisation not established — same gap as the issuing row. | Whether rejection reporting under čl. 51–53 carries its own separate deadline was not established.,"A buyer-side reporting duty is rare and expensive to implement, which makes it worth its own row rather than a footnote. A Croatian business that only receives invoices still has a reporting obligation from 2026-01-01."
HU-e-invoicing-b2g-receive-all,HU,Hungary,e-invoicing-b2g,HU public procurement — contracting authorities must receive e-invoices,receive,b2g,"Hungarian contracting authorities and contracting entities, obliged to receive and process electronic invoices conforming to the European standard in public procurement.",none,,,,,,"No size test. Directive 2014/55/EU binds contracting authorities irrespective of the supplier's size. Hungary is reported not to have taken the extra year that the directive allowed for sub-central authorities, so the 2019 date is reported to apply to all of them rather than only to central bodies — that is the specific point the unknowns flag.",EN 16931 (European standard on electronic invoicing),EN 16931-1:2017,"Core invoice semantic data model under EN 16931-1:2017, in one of the syntaxes on the list published in the Official Journal. No Hungarian CIUS was identified; whether one exists was not checked.",2019-04-18,,,"Directive 2014/55/EU on electronic invoicing in public procurement, art. 7 and art. 11; reported to be transposed by 2018. évi LXXXIII. törvény amending 2015. évi CXLIII. törvény a közbeszerzésekről (Kbt.). The transposing provision was not read.",https://ec.europa.eu/digital-building-blocks/sites/spaces/DIGITAL/pages/467108888/eInvoicing+in+Hungary,"European Commission, ""eInvoicing in Hungary"" (Digital Building Blocks country page)",secondary,https://eur-lex.europa.eu/legal-content/HU/ALL/?uri=CELEX%3A32014L0055 | https://www.pwc.com/hu/en/pressroom/2019/electronic_invoicing.html,2026-10-07,reported,"Taken from the European Commission's country page on 2026-10-07, which states that Hungarian public bodies must receive and process EN 16931-compliant e-invoices and that Hungary did not use the extra year available to sub-central authorities. The Commission's country page is a description of national law, not the national instrument, so it is secondary for this purpose and the row is graded reported. Primary source supremacy: this becomes verified when the Kbt. amendment is read on njt.hu, not before.",The Hungarian transposing provision (the 2018. évi LXXXIII. törvény amendment to the Kbt.) has not been read. Both the 2019-04-18 date and the claim that sub-central authorities were not given until 2020-04-18 rest on secondary description. | Whether Hungarian contracting authorities are additionally obliged to receive via a specific channel or network is not recorded. | Whether suppliers to Hungarian public bodies have a matching duty to ISSUE electronically is not recorded; the directive imposes the receiving duty only.,"Recorded as a separate regime from Online Számla on purpose. A Hungarian supplier invoicing a public body is in both: it must report the invoice data to NAV under e-reporting, and it may send an EN 16931 invoice that the authority must accept under this row. They are different duties with different formats and different dates, and collapsing them would be wrong."
HU-e-reporting-issue-all,HU,Hungary,e-reporting,HU Online Számla — real-time invoice data reporting (RTIR),issue,b2b-and-b2c,"Every invoice issuer subject to the Hungarian VAT Act's invoicing rules, for every invoice, corrective invoice and cancelling invoice to which those rules apply — including invoices to private individuals, to foreign taxable persons, and invoices issued outside Hungary where Hungarian VAT arises.",none,,,,,,"No size test, and no per-invoice value test. The HUF 100,000 VAT floor that existed in the first phase was abolished on 2020-07-01 and the remaining customer-type restriction was abolished on 2021-01-04. Since then every invoice in scope of the Áfa tv. invoicing rules is reportable regardless of the issuer's size or the invoice's value.",NAV Online Számla invoice data XML (XSD),3.0,"Version 3.0 of the Online Invoice schema set (API, Data, Annulment, Metrics, plus the shared Common and invoiceBase XSDs) is the version the expanded reporting runs on; NAV's own changelog states the 3.0 features ""can only be used from 04.01.2021"" and that earlier use is rejected. Whether a 3.0.x point release is currently the one in force was not established — see unknowns. This is an XML reporting schema, not an invoice format: it does not have to be what the issuer sends the customer.",2021-01-04,2021-03-31,"Penalty tolerance only, and only for the newly in-scope invoices. NAV: for the period 2021-01-04 to 2021-03-31 it imposed no default fine (mulasztási bírság) on taxable persons who failed to report, or misreported, the invoices that newly entered scope on 2021-01-04, subject to stated conditions. The reporting duty itself ran from 2021-01-04; only the fine was withheld. The tolerance did not extend to invoices already in scope before that date.","2007. évi CXXVII. törvény az általános forgalmi adóról (VAT Act) § 158/A and Annex 10 (10. számú melléklet), read with §§ 169–172 and § 176; default-fine power under 2017. évi CL. törvény (Art.) § 229.",https://nav.gov.hu/ado/afa/A_szamlakibocsatok_sz20201231,"NAV, ""A számlakibocsátók számlaadat-szolgáltatásának 2021. január 4-től hatályos szabályai"" (nav.gov.hu), published 2021-01-04",tax_authority,https://github.com/nav-gov-hu/Online-Invoice/blob/master/src/schemas/nav/gov/hu/OSA/CHANGELOG_3.0.md | https://onlineszamla.nav.gov.hu/api/files/container/download/Online%20Szamla_Interfesz%20specifik%C3%A1ci%C3%B3_EN_v3.0.pdf,2026-10-07,verified,"NAV's own guidance page read on 2026-10-07. It cites Áfa tv. § 158/A and Annex 10, states that from 2021-01-04 data must be reported not only for invoices to customers registered as taxable persons in Hungary but for every invoice to which the Áfa tv. invoicing rules apply, and states the 2021-01-04 to 2021-03-31 fine-free window for the newly in-scope invoices. The 3.0 schema version and its 2021-01-04 activation were read from NAV's own schema changelog in the nav-gov-hu GitHub organisation.","Whether a 3.0.x point release (rather than plain 3.0) is the version currently required was not established. NAV's GitHub release tags stop at API-2.0 and the 3.0 changelog lists no point releases, while secondary sources claim NAV withdrew 2.0 support on 2025-05-15 — a date that cannot be reconciled with 3.0 being mandatory since 2021 and was not confirmed against NAV. | Hungary's separate mandatory e-invoicing duty in the energy sector (electricity and gas supplied to non-residential customers) is not yet a row. It is a genuine e-invoicing mandate rather than reporting, so it needs its own regime row and its own source read. | Whether a non-established but Hungarian-VAT-registered supplier is inside the reporting duty is not recorded at row level.","Submission deadline depends on how the invoice is produced. From invoicing software: in XML over the machine-to-machine interface immediately on issue, without human intervention. From a pre-printed invoice book: within one calendar day of issue if the VAT charged is HUF 500,000 or more, otherwise within four calendar days. Reporting counts as performed only once the Online Számla system has received it and confirmed successful processing — a submitted-but-rejected file is an unperformed obligation, which is the detail that catches implementers out."
HU-e-reporting-issue-domestic-taxable-customer,HU,Hungary,e-reporting,HU Online Számla — real-time invoice data reporting (RTIR),issue,b2b,"Invoice issuers, for invoices issued to customers registered as taxable persons in Hungary — the scope of the regime between 2020-07-01 and 2021-01-03, retained as a historical row.",entity_type,,,,Customer is a taxable person registered in Hungary (belföldön nyilvántartásba vett áfaalany),,"The test in this phase was on the customer, not on the supplier's size. From 2020-07-01 the HUF 100,000 VAT floor was removed and data had to be reported for every invoice issued to a Hungarian-registered taxable person whatever the VAT amount, which pulled reverse-charge and exempt supplies into scope for the first time. Invoices to private individuals and to foreign customers stayed out of scope until 2021-01-04.",NAV Online Számla invoice data XML (XSD),2.0,"This phase ran on schema 2.0; the 3.0 schema could not be used before 2021-01-04. Version number taken from NAV's published interface specification v2.0 and its API-2.0 release tag. Recorded for the audit trail — a buyer reconstructing a 2020 position needs the version that was actually in force then, not today's.",2020-07-01,,,"2007. évi CXXVII. törvény az általános forgalmi adóról, § 10. számú melléklet, in the wording in force from 2020-07-01.",https://nav.gov.hu/ado/afa/A_szamlakibocsatok_sz20201231,"NAV, ""A számlakibocsátók számlaadat-szolgáltatásának 2021. január 4-től hatályos szabályai"" (nav.gov.hu)",tax_authority,https://onlineszamla.nav.gov.hu/api/files/container/download/Online%20Szamla_Interfesz%20specifik%C3%A1ci%C3%B3_EN_v2.0.pdf,2026-10-07,reported,"The customer-type scope of this phase is established from the primary source — NAV's 2021-01-04 page states the pre-2021 position was that data were reported only for invoices to customers registered as taxable persons in Hungary. The 2020-07-01 commencement date itself is NOT in that page and was taken from secondary Hungarian practitioner coverage, so the row is graded reported rather than verified. Confidence labelling is not something to round up: the scope is primary, the date is not, and the lower of the two governs.",The 2020-07-01 commencement date has not been read from a primary source. The amending act and the Annex 10 wording in force on that date were not retrieved.,"Kept as a historical row rather than deleted. The change log is a product, and this is the row that tells a buyer being audited for 2020 which invoices they should have reported."
HU-e-reporting-issue-vat-100k-per-invoice,HU,Hungary,e-reporting,HU Online Számla — real-time invoice data reporting (RTIR),issue,b2b,"Invoice issuers, for invoices to Hungarian-registered taxable persons carrying HUF 100,000 or more of charged VAT — the scope of the regime from 2018-07-01 to 2020-06-30, retained as a historical row.",revenue_or_fees,100000,HUF,gte,VAT charged (áthárított adó) on the individual invoice,per invoice — not a period measure,"A PER-INVOICE test, not a size band on the company: an invoice between Hungarian taxable persons was reportable if the VAT charged on it reached HUF 100,000. Schema v1 has no per-invoice threshold_type, so `revenue_or_fees` is used and `threshold_period` says explicitly that this is not measured over a period. Do not band a company against this figure. Abolished on 2020-07-01.",NAV Online Számla invoice data XML (XSD),1.1,"The system went live on 2018-07-01 on schema 1.x; NAV's release tags record API-1.0 as the ""first production release since 01-07-2018"" and API-1.1 as an upgrade, with API-2.0 arriving later. Which of 1.0 / 1.1 applied on a given date in that phase was not pinned down.",2018-07-01,,,"2007. évi CXXVII. törvény az általános forgalmi adóról, § 10. számú melléklet, in the wording in force from 2018-07-01.",https://nav.gov.hu/ado/afa/A_szamlakibocsatok_sz20201231,"NAV, ""A számlakibocsátók számlaadat-szolgáltatásának 2021. január 4-től hatályos szabályai"" (nav.gov.hu)",tax_authority,https://github.com/nav-gov-hu/Online-Invoice/releases,2026-10-07,reported,"Phase recorded from secondary Hungarian practitioner coverage of the 2018 go-live and of the 2020-07-01 removal of the HUF 100,000 floor. NAV's 2021-01-04 page, which is the primary source held for this jurisdiction, describes the pre-2021 scope but does not state the 2018 date or the HUF 100,000 figure, so this row cannot be graded verified.","Neither the 2018-07-01 commencement date nor the HUF 100,000 VAT figure has been read from a primary source. | The exact schema version in force at go-live (1.0 vs 1.1) is not established.","Historical row. Both this phase and the 2020-07-01 phase are closed, so neither binds anyone today; they exist because an audit of an open earlier year is exactly when a buyer needs to know what the rule was then."
IT-e-invoicing-b2b-issue-forfetario-residual,IT,Italy,e-invoicing-b2b,Electronic invoicing via the Sistema di Interscambio (SdI),issue,b2b-and-b2c,"Taxpayers applying the Italian flat-rate regime (regime forfetario, L. 190/2014 art. 1 cc. 54–89) who were not already required to issue electronic invoices from 1 July 2022 — i.e. those whose revenue or fees in the preceding year, pro-rated to a full year, did not exceed EUR 25,000.",revenue_or_fees,25000,EUR,lte,"Ricavi conseguiti ovvero compensi percepiti, ragguagliati ad anno (revenue earned or fees received, pro-rated to a full year).",the year preceding the relevant commencement date,"DL 36/2022 art. 18 c. 3 brought the obligation forward to 1 July 2022 for forfetario taxpayers who ""nell'anno precedente abbiano conseguito ricavi ovvero percepito compensi, ragguagliati ad anno, superiori a euro 25.000"". This row is the residual cohort at or below that figure, for whom the obligation runs from 1 January 2024 ""a prescindere dall'entità dei ricavi conseguiti o compensi percepiti"" — irrespective of revenue. So the threshold selects the commencement date, and from 1 January 2024 it no longer screens anyone out.","FatturaPA XML, transmitted through the Sistema di Interscambio (SdI)",1.9,"National format, not EN 16931. Technical specifications v1.9 usable from 1 April 2025; v1.9.1 usable from 15 May 2026. Agenzia delle Entrate has published no date on which v1.9 ceases to be accepted by the SdI, so v1.9 is recorded as the current floor rather than v1.9.1.",2024-01-01,,,"DL 30 aprile 2022 n. 36, art. 18 cc. 2–3, which repealed the exemption in art. 1 c. 3 of D.Lgs. 5 agosto 2015 n. 127. Administrative interpretation: Agenzia delle Entrate Circolare n. 32/E of 5 December 2023.",https://www.normattiva.it/uri-res/N2Ls?urn:nir:stato:decreto:2022-04-30;36~art18!vig,"Decreto-legge 30 aprile 2022 n. 36, art. 18 — consolidated text in force, Normattiva (Istituto Poligrafico e Zecca dello Stato)",statute,https://www.agenziaentrate.gov.it/portale/documents/20143/5718712/Circolare_n_32_Regime+forfetario_05_12_2023.pdf/23d1370d-6bba-0eb7-70b8-d1d24d5a1c0f | https://www.agenziaentrate.gov.it/portale/specifiche-tecniche-versione-1.9 | https://www.agenziaentrate.gov.it/portale/specifiche-tecniche-versione-1.9.1-%C2%A0-utilizzabili-dal-15-maggio-2026-,2026-10-07,verified,"Commi 2 and 3 of DL 36/2022 art. 18 read directly from the Normattiva consolidated ""vigente"" text on 2026-10-07, confirming both dates and the EUR 25,000 / ragguagliati ad anno wording. FatturaPA version dates read directly from the two Agenzia delle Entrate specification pages on 2026-10-07.","Whether any penalty-free grace period applied to the 1 January 2024 cohort. The 1 July 2022 cohort had one under DL 36/2022 art. 18 c. 3 for the third quarter of 2022; no equivalent for 2024 was located in this pass. | The 'contribuenti minimi' (DL 98/2011 art. 27) and amateur sports bodies were covered by the same repealed exemption in art. 1 c. 3 D.Lgs. 127/2015, but were not separately verified here and have no row yet. | The date on which FatturaPA specification v1.9 stops being accepted by the SdI. Agenzia delle Entrate states only that v1.9.1 is 'utilizzabile' from 15 May 2026.",Italy's general SdI mandate dates from 1 January 2019; this row records only the final extension that pulled the smallest flat-rate taxpayers in. The 2019 general row and the 1 July 2022 cohort row are not yet recorded.
PL-e-invoicing-b2b-issue-turnover-gt-200m-pln,PL,Poland,e-invoicing-b2b,National e-Invoice System (KSeF — Krajowy System e-Faktur),issue,b2b,"VAT taxpayers whose sales value including the tax amount exceeded PLN 200,000,000 in 2024.",turnover,200000000,PLN,gt,Sales value including the tax amount (wartość sprzedaży wraz z kwotą podatku),"calendar year 2024 — a fixed historical year, not a rolling period","The portal gates the first phase on sales exceeding ""200 mln zł"" in 2024. Because the reference year is fixed at 2024, a company cannot fall out of this phase by shrinking in 2025: whoever was above the line in 2024 is in the February cohort permanently.",FA (KSeF structured invoice schema),FA(3),FA_RR(1) applies to agricultural invoices from April 2026.,2026-02-01,,,Ustawa z dnia 5 sierpnia 2025 r. o zmianie ustawy o podatku od towarów i usług (Dz. U. 2025 poz. 1203).,https://ksef.podatki.gov.pl/informacje-ogolne-ksef-20/podstawy-prawne-oraz-kluczowe-terminy/,"""Podstawy prawne oraz kluczowe terminy"" — legal basis and key dates, Ministry of Finance KSeF portal (ksef.podatki.gov.pl)",tax_authority,https://ksef.podatki.gov.pl/informacje-ogolne-ksef-20/zakres-obowiazkowego-ksef/,2026-10-07,verified,"Read directly on 2026-10-07: the 1 February 2026 date, the PLN 200 million threshold, the 2024 reference year, and the citing act Dz. U. 2025 poz. 1203.",Whether the PLN 200m test is measured on taxable sales only or on total sales including exempt supplies is not specified on the portal page read.,"The February cohort is small in number but includes most large Polish groups and their suppliers' counterparties, so it drives supplier readiness well ahead of April."
PL-e-invoicing-b2b-issue-turnover-lte-200m-pln,PL,Poland,e-invoicing-b2b,National e-Invoice System (KSeF — Krajowy System e-Faktur),issue,b2b,"All remaining VAT taxpayers — those whose 2024 sales value including the tax amount did not exceed PLN 200,000,000.",turnover,200000000,PLN,lte,Sales value including the tax amount (wartość sprzedaży wraz z kwotą podatku),"calendar year 2024 — a fixed historical year, not a rolling period","The residual cohort: everyone not caught by the PLN 200 million 2024 test. The portal describes this phase as ""all remaining entrepreneurs"" from 1 April 2026, subject to the PLN 10,000/month small-invoice transition recorded in tolerance_ends.",FA (KSeF structured invoice schema),FA(3),FA_RR(1) applies to agricultural invoices from April 2026.,2026-04-01,2026-12-31,"Small-invoice transition running to 31 December 2026. A taxpayer otherwise obliged to issue structured invoices may still issue electronic or paper invoices in a given month where the total value of sales including tax documented by those invoices is PLN 10,000 or less. Cash registers and fiscal receipts bearing the purchaser's NIP — treated as simplified invoices, up to PLN 450 or EUR 100 — also remain usable to 31 December 2026, as does the deferral of the duty to quote KSeF numbers in B2B payments.",Ustawa z dnia 5 sierpnia 2025 r. o zmianie ustawy o podatku od towarów i usług (Dz. U. 2025 poz. 1203).,https://ksef.podatki.gov.pl/informacje-ogolne-ksef-20/podstawy-prawne-oraz-kluczowe-terminy/,"""Podstawy prawne oraz kluczowe terminy"" — legal basis and key dates, Ministry of Finance KSeF portal (ksef.podatki.gov.pl)",tax_authority,https://ksef.podatki.gov.pl/informacje-ogolne-ksef-20/zakres-obowiazkowego-ksef/,2026-10-07,verified,"Read directly on 2026-10-07: the 1 April 2026 date for remaining taxpayers, and the PLN 10,000 monthly small-invoice transition expiring at the end of 2026.","Whether the PLN 10,000 monthly test is applied per month independently (so a taxpayer can move in and out of the transition month to month) or is forfeited permanently once breached is not stated on the portal page read.","Out of scope per the portal: B2C invoices (voluntary), foreign entities with no Polish seat or fixed establishment, invoices under OSS, IOSS and the SME exemption, certain transport and toll services, and self-invoicing where a party lacks a Polish NIP."
PL-e-invoicing-b2b-receive-all,PL,Poland,e-invoicing-b2b,National e-Invoice System (KSeF — Krajowy System e-Faktur),receive,b2b,"All VAT taxpayers in Poland, regardless of size.",none,,,,,,"No size test. The Ministry of Finance states receiving via KSeF is mandatory from 1 February 2026 ""regardless of company size"", which is two months before the small-taxpayer issuing duty starts.",FA (KSeF structured invoice schema),FA(3),FA(3) is the logical structure for standard invoices. A separate FA_RR(1) structure applies to agricultural invoices from April 2026.,2026-02-01,,,"Ustawa z dnia 5 sierpnia 2025 r. o zmianie ustawy o podatku od towarów i usług (Dz. U. 2025 poz. 1203), amending the Polish VAT Act.",https://ksef.podatki.gov.pl/informacje-ogolne-ksef-20/zakres-obowiazkowego-ksef/,"""Zakres obowiązkowego KSeF"" — scope of the mandatory KSeF obligation, Ministry of Finance KSeF portal (ksef.podatki.gov.pl)",tax_authority,https://ksef.podatki.gov.pl/informacje-ogolne-ksef-20/podstawy-prawne-oraz-kluczowe-terminy/,2026-10-07,verified,"Read directly on 2026-10-07 on the Ministry of Finance KSeF portal, which states ""Receiving invoices using KSeF will be mandatory already from 1 February 2026"" for all VAT taxpayers, and names FA(3) as the current logical structure.","Whether a taxpayer relying on the PLN 10,000/month small-invoice transition for ISSUING is nonetheless obliged to receive via KSeF from 1 February 2026 is not stated in terms. Read literally the receiving duty is unconditional, but the interaction is not spelled out on the portal.","The asymmetry here is the commercially important fact: a small Polish company is in scope for receiving on 1 February 2026, two months before the headline ""April 2026"" issuing date that most summaries lead with."
PT-e-invoicing-b2b-issue-electronic-issuers,PT,Portugal,e-invoicing-b2b,PT electronic invoicing — authenticity and integrity conditions,issue,b2b-and-b2c,"Taxable persons who issue invoices or other fiscally relevant documents by electronic means. Electronic issuing is itself optional in Portugal and requires the recipient's acceptance (art. 12.º n.º 1 of Decreto-Lei n.º 28/2019: the documents ""podem, mediante aceitação pelo destinatário, ser emitidos por via eletrónica""). This row records the conditions that attach to an invoice once it IS issued electronically — not an obligation to stop using paper.",none,,,,,,"No size test of any kind. Portugal does not band this rule by turnover, headcount or entity type: it binds any taxable person who issues electronically, from a sole trader upwards. The condition is on HOW the invoice is issued, not on how big the issuer is. (Portugal's one size-banded e-invoicing rule is the B2G mandate under Decreto-Lei n.º 111-B/2017, which is a different counterparty scope and is not recorded as a row in v1 — see unknowns.)",,,"No structured format is mandated for B2B invoicing in Portugal — there is no CIUS, no UBL profile and no Peppol requirement on the B2B side. What art. 12.º n.º 2 of Decreto-Lei n.º 28/2019 requires instead is one of three authenticity-and-integrity procedures, read verbatim from the gazette: (a) ""aposição de uma assinatura eletrónica qualificada nos termos legais""; (b) ""aposição de um selo eletrónico qualificado, nos termos do Regulamento (UE) n.º 910/2014""; (c) ""utilização de um sistema de intercâmbio eletrónico de dados"" under an agreement following the European model EDI agreement (Recomendação n.º 1994/820/CE). A plain PDF file satisfies none of those three and is accepted only under the transitional rule in tolerance_ends. CIUS-PT and UBL 2.1 belong to the B2G regime, not to this row.",2027-01-01,2026-12-31,"Lei n.º 73-A/2025 (Orçamento do Estado para 2026), art. 95.º n.º 3, verbatim: ""Até 31 de dezembro de 2026 são aceites faturas em ficheiro PDF, sendo consideradas como faturas eletrónicas para todos os efeitos previstos na legislação fiscal."" So until 2026-12-31 a plain PDF counts as an electronic invoice for every tax purpose, with none of the art. 12.º n.º 2 procedures applied. The tolerance is the PDF file itself, not a penalty holiday.","Lei n.º 73-A/2025, de 30 de dezembro (Orçamento do Estado para 2026), artigo 95.º n.º 3 (""Disposições transitórias relativas a obrigações fiscais""); Decreto-Lei n.º 28/2019, de 15 de fevereiro, artigos 6.º e 12.º (""Emissão de fatura por via eletrónica"").",https://files.dre.pt/gratuitos/1s/2025/12/25002.pdf,"Lei n.º 73-A/2025, de 30 de dezembro — Orçamento do Estado para 2026, Diário da República, 1.ª série, n.º 250, 2.º Suplemento, 30-12-2025 (files.dre.pt)",official_gazette,https://files.dre.pt/gratuitos/1s/2019/02/03300.pdf,2026-10-07,verified,"Both instruments retrieved as the official Diário da República PDFs from files.dre.pt on 2026-10-07 and text-extracted. Art. 95.º n.º 3 of Lei n.º 73-A/2025 was read verbatim (see tolerance_note) in the 2.º Suplemento to DR n.º 250 of 30-12-2025. Art. 12.º n.os 1 and 2 of Decreto-Lei n.º 28/2019 were read verbatim in DR 1.ª série n.º 33 of 15-02-2019. The 2026-12-31 end of PDF acceptance is printed in the statute. The 2027-01-01 mandatory_from is the day after that printed cut-off — the complement of an explicit end-date, not a computed period, which is why this is graded verified where Spain's computed dates are not. What the statute does NOT say anywhere is that electronic invoicing becomes compulsory: see notes.","Whether the PDF cut-off will be extended again. It sits in the annual budget law as a transitional provision, and art. 260.º of the same law prorogues a long list of other regimes by one year, so annual extension is clearly the mechanism. The extension history was not traced back through earlier budget laws this cycle, so how many times it has already moved is not established here. Treat 2027-01-01 as the current statutory position, not a settled one. | The AT's own administrative view on an invoice issued electronically on or after 2027-01-01 as a plain PDF — whether it is void, merely not an ""electronic invoice"", or treated some third way — was not read. No ofício circulado on the point was located this cycle. Ofício Circulado n.º 25120 of 2026-07-28 was retrieved and read and does not address it. | Portugal's B2G e-invoicing mandate is NOT recorded as a row. Art. 260.º n.º 2 of Lei n.º 73-A/2025 was read and prorogues ""o regime previsto no n.º 4 do artigo 9.º do Decreto-Lei n.º 111-B/2017, de 31 de agosto"" to 31 de dezembro de 2026 — which puts the remaining B2G cohort at 2027-01-01 — but the text of that art. 9.º n.º 4 was not itself retrieved, so exactly which cohort it covers is not confirmed here. v1 carries only the `e-invoicing-b2b` regime, so there is no slug for it either. Absence is not ""no obligation"". | Portugal's non-medium-specific invoicing duties — AT-certified billing software, the ATCUD unique document code, the QR code, and the SAF-T (PT) billing file — are reported by secondary sources to apply to every invoice whether paper, PDF or structured. None of them was verified this cycle and none is recorded as a row.","Read this row as a conditions row, not a mandate row. Portugal has no B2B obligation to issue electronic invoices at all: art. 12.º n.º 1 of Decreto-Lei n.º 28/2019 makes electronic issuing permissive and conditions it on the recipient's acceptance, so paper stays lawful and there is no receiving obligation to record either. The dated thing a buyer must act on is narrower and easy to miss: if you send PDF invoices to Portuguese customers, 2026-12-31 is the last day a bare PDF counts as an electronic invoice, and from 2027-01-01 it needs a qualified electronic signature, a qualified electronic seal, or an EDI arrangement. One adjacent date was read in the same article and is worth knowing: art. 95.º n.º 2 defers the SAF-T (PT) accounting file to tax periods from 2027 onwards, filed in 2028 or later."
RO-e-invoicing-b2b-issue-all,RO,Romania,e-invoicing-b2b,RO e-Factura — national electronic invoicing system,issue,b2b,Economic operators established in Romania issuing invoices in B2B relationships to taxable persons established in Romania under art. 266(2) of the Fiscal Code.,none,,,,,,"No size test on the obligation itself. Size only affects the penalty tariff: ANAF sets fines of RON 5,000–10,000 for large taxpayers, RON 2,500–5,000 for medium taxpayers and RON 1,000–2,500 for other legal persons and for individuals.",,,"Format not recorded. Romania uses a national CIUS of EN 16931 (commonly cited as RO_CIUS), but neither the format name nor its version was confirmed from a source read this cycle: the OUG 120/2021 PDF on mfinante.gov.ro reset the connection and the ANAF schema PDF was not retrieved. Recording a format name without having read it would be exactly the half-fact this dataset exists to avoid.",2024-07-01,,,"OUG nr. 120/2021 privind administrarea, funcționarea și implementarea sistemului național privind factura electronică RO e-Factura, as amended and supplemented by OUG nr. 115/2023, art. 10(1), art. 13^1 and art. 13^2; Legea nr. 296/2023 art. LIX(7); Legea nr. 227/2015 (Codul Fiscal) art. 319(16).",https://static.anaf.ro/static/10/Galati/Vrancea/termene-E-factura.pdf,"ANAF, ""Termenele legale de transmitere a facturii electronice în sistemul național RO e-factura"" — Administrația Județeană a Finanțelor Publice Vrancea, DGRFP Galați (anaf.ro)",tax_authority,https://mfinante.gov.ro/documents/35673/1120722/OUG120_MO96007102021.pdf | https://static.anaf.ro/static/3/Ploiesti/20240312115819_comunicat_ghidul_ro_e-factura.pdf,2026-10-07,verified,"ANAF notice retrieved as PDF and text-extracted on 2026-10-07. It states that from 01.07.2024 an issuer's failure to transmit the invoice into RO e-Factura, and a recipient's receipt and recording of a B2B invoice from a Romanian-established operator without compliance with art. 10(1), is penalised at 15% of the total invoice value. That 15% sanction on non-transmission from 1 July 2024 is what makes the system mandatory rather than merely available, which is why this row's mandatory_from is 2024-07-01.",Invoice format name and version (RO_CIUS / EN 16931) not confirmed from a source read. | Whether the obligation extends to non-established but Romanian-VAT-registered suppliers is not recorded. | B2G e-invoicing in Romania predates the B2B regime and is not yet a row.,Transmission deadline: 5 working days from invoice issue and no later than 5 working days from the art. 319(16) Fiscal Code issuing deadline; from 1 July 2024 this became 5 CALENDAR days rather than working days. The working-day to calendar-day switch on the same date as the mandate is an easy detail to miss and materially tightens the duty.
RO-e-invoicing-b2b-issue-reporting-phase,RO,Romania,e-invoicing-b2b,RO e-Factura — national electronic invoicing system,issue,cross-border-b2b,"Economic operators — taxable persons established in Romania — during the initial reporting phase, required to report all invoices into the RO e-Factura system.",entity_type,,,,Taxable persons established in Romania,,"The transitional phase of the Romanian mandate: from 1 January 2024 all invoices had to be reported into RO e-Factura, ahead of the full 1 July 2024 mandate under which non-transmission itself became a 15%-of-invoice-value offence.",,,Format not recorded — see RO-e-invoicing-b2b-issue-all.,2024-01-01,2024-03-31,Penalty tolerance only. ANAF: failure to meet the transmission deadline in the B2B relationship was not sanctioned as a contravention in the period 1 January – 31 March 2024. The reporting duty itself ran from 1 January 2024; only the fine was withheld.,"OUG nr. 120/2021, as amended by OUG nr. 115/2023; Legea nr. 296/2023 art. LIX(7); Legea nr. 227/2015 (Codul Fiscal) art. 319(16).",https://static.anaf.ro/static/10/Galati/Vrancea/termene-E-factura.pdf,"ANAF, ""Termenele legale de transmitere a facturii electronice în sistemul național RO e-factura"" — DGRFP Galați / AJFP Vrancea (anaf.ro)",tax_authority,https://static.anaf.ro/static/10/Brasov/Brasov/oug_115_factura.pdf,2026-10-07,verified,"ANAF notice read on 2026-10-07, which states the contravention tolerance for the B2B relationship over 1 January – 31 March 2024 and the 5-working-day then 5-calendar-day transmission deadlines.","The exact commencement instrument and date for the reporting phase were taken from the tolerance window's framing rather than from the ordinance text, which was not retrieved (mfinante.gov.ro connection reset).","Retained as a historical row rather than deleted. The change log is a product: a buyer reconstructing what was required of them in Q1 2024 needs this row, and it is also the cleanest worked example in the dataset of a tolerance that withheld penalties without postponing the duty."
SK-e-invoicing-b2b-issue-vat-payer,SK,Slovakia,e-invoicing-b2b,SK eFaktúra — mandatory structured e-invoicing under § 85o of the VAT Act,issue,b2b,"A VAT payer under § 4, § 4b or § 4c of the VAT Act (i.e. registered Slovak VAT payers, including VAT groups) which, on or after 1 January 2027, supplies goods or services to a person listed in § 85o(3) — § 85o(2).",entity_type,,,,"VAT payer registered under § 4, § 4b or § 4c of zákon č. 222/2004 Z. z.",,"No turnover or headcount threshold in § 85o. The test is VAT-payer status: registration under § 4, § 4b or § 4c. A taxable person below the Slovak VAT registration threshold and not voluntarily registered is therefore outside the issuing duty — which makes this a LIVE entity-class test, not a dead one, and the reason the Slovak VAT registration threshold itself becomes a compliance variable. That threshold figure was not read and is named in unknowns rather than guessed.",Structured electronic format conforming to the European standard,,"§ 85o(4) requires the invoice to be in ""formáte elektronického dokumentu, ktorý umožňuje jeho automatizované a elektronické spracovanie"" and ""v dátovej štruktúre v súlade s technickou normou"", with the technical norm carried by a cross-reference (""osobitný predpis"") rather than named inline in the provision read. That cross-reference was not resolved to a specific standard and version, so no version is recorded. Secondary sources state the standard is EN 16931 and that the exchange runs on a Peppol five-corner model via a ""doručovacia služba"" (delivery service); the Peppol claim in particular is NOT confirmed against the Act or the Financial Administration and is recorded only in unknowns.",2027-01-01,,,"Zákon č. 222/2004 Z. z. o dani z pridanej hodnoty, § 85o(2) and § 85o(4), as inserted by zákon č. 385/2025 Z. z.; effectiveness under čl. VIII of act 385/2025. Act 385/2025 transposes Council Directive (EU) 2025/516.",https://static.slov-lex.sk/static/SK/ZZ/2025/385/20270101.print.html,"Zákon č. 385/2025 Z. z., consolidated text as in force from 1 January 2027 — slov-lex, the official legislative portal of the Slovak Republic",statute,https://www.financnasprava.sk/_img/pfsedit/Dokumenty_PFS/Zverejnovanie_dok/Aktualne/DPH/2026/2026.05.25_009_DPH_2025_IM_FaQ_eFaktura.pdf | https://www.skdp.sk/clanky/novela-zakona-o-dph-e-faktura-oznamovanie-udajov,2026-10-07,verified,"Consolidated statutory text read on slov-lex on 2026-10-07. § 85o(2) binds a ""platiteľ podľa § 4, 4b alebo § 4c, ktorý počnúc 1. januárom 2027 dodal osobe..."" — the 2027-01-01 date is in the operative provision itself, not only in the commencement article. Čl. VIII provides ""Tento zákon nadobúda účinnosť 1. januára 2026 okrem..."" with the e-invoicing and reporting provisions effective 2027-01-01 and the cross-border extension 2030-07-01.","The ""osobitný predpis"" technical-norm cross-reference in § 85o(4) was not resolved, so the format standard and its version are not established. EN 16931 is the likely referent but was not confirmed, and no version can be recorded. | Whether the exchange is legally required to run over Peppol, or whether Peppol is merely the expected implementation of the ""doručovacia služba"", is not established. | Secondary sources report a Ministry of Finance grace period for the first quarter of 2027. No such transitional provision was found in the text read, so tolerance_ends is left null rather than recorded. A tolerance that cannot be located in the instrument must not be sold as a date. | The Slovak VAT registration threshold — which decides who is inside this entity-class test — was not read. | Slovakia's pre-existing B2G e-invoicing position (the IS EFA / Informačný systém elektronickej fakturácie) is not yet a row.","§ 85o(21)–(22) provide a voluntary on-ramp during 2026: e-invoicing via the delivery service may be used before the mandate, and recipient consent is not required where the recipient accepts the delivery service. That is the opposite of a tolerance — it is permission to start early, and it is why 2026 is a migration year in Slovakia rather than a grace year."
SK-e-invoicing-b2b-receive-established,SK,Slovakia,e-invoicing-b2b,SK eFaktúra — mandatory structured e-invoicing under § 85o of the VAT Act,receive,b2b,"Persons listed in § 85o(3): a taxable person with its seat, place of business or establishment in Slovakia, and a non-taxable legal person with its seat in Slovakia.",entity_type,,,,"Taxable person or non-taxable legal person with a seat, place of business or establishment in Slovakia (§ 85o(3))",,"No size test. The receiving side is defined by establishment in Slovakia rather than by VAT registration, so it is WIDER than the issuing side: a non-VAT-registered Slovak taxable person, and a non-taxable Slovak legal person, must be able to receive an eFaktúra from 2027-01-01 even though neither has a duty to issue one. Same asymmetry as Croatia, and the same trap.",Structured electronic format conforming to the European standard,,Same format duty and same unresolved technical-norm cross-reference as the issuing row — see SK-e-invoicing-b2b-issue-vat-payer.,2027-01-01,,,"Zákon č. 222/2004 Z. z., § 85o(3), as inserted by zákon č. 385/2025 Z. z.; effectiveness under čl. VIII of act 385/2025.",https://static.slov-lex.sk/static/SK/ZZ/2025/385/20270101.print.html,"Zákon č. 385/2025 Z. z., consolidated text as in force from 1 January 2027 — slov-lex",statute,,2026-10-07,verified,"§ 85o(3) read on slov-lex on 2026-10-07: ""zdaniteľná osoba, ktorá má v tuzemsku sídlo, miesto podnikania..."" and ""nezdaniteľná právnická osoba, ktorá má v tuzemsku sídlo..."". The 2027-01-01 date comes from § 85o(2) and čl. VIII.","Format standard and version not established — same unresolved cross-reference as the issuing row. | Whether a recipient must register with a delivery service by a specific date, and what happens to an issuer whose recipient has not, is not recorded.",Recorded separately because the obligor population differs from the issuing row. Sizing the Slovak market off the VAT-payer count alone would undercount the businesses that have to implement something by 2027-01-01.
SK-e-reporting-issue-cross-border,SK,Slovakia,e-reporting,SK oznamovanie údajov — digital reporting of invoice data to the Financial Administration,issue,cross-border-b2b,"All taxable persons, for cross-border supplies of goods and services, under the ViDA-aligned extension of the e-invoicing and digital reporting duties.",none,,,,,,"No size test, and no VAT-payer gate: this phase reaches all taxable persons, which is wider than the 2027 domestic phase. It follows the Council Directive (EU) 2025/516 timetable rather than a Slovak policy choice.",Structured electronic format conforming to the European standard,,"Same unresolved technical-norm cross-reference as the domestic rows. The consolidated text read was the version in force 2027-01-01 to 2030-06-30, so the wording governing the 2030-07-01 phase was not itself read.",2030-07-01,,,"Zákon č. 222/2004 Z. z. as amended by zákon č. 385/2025 Z. z., effectiveness under čl. VIII; Council Directive (EU) 2025/516.",https://static.slov-lex.sk/static/SK/ZZ/2025/385/20270101.print.html,"Zákon č. 385/2025 Z. z., consolidated text as in force from 1 January 2027 — slov-lex",statute,,2026-10-07,reported,"The 2030-07-01 cross-border date appears in the commencement structure of act 385/2025 (čl. VIII) and in the slov-lex validity range of the text read, which is stated as 2027-01-01 to 2030-06-30. But the provisions that take effect on 2030-07-01 were NOT read — a consolidated text in force from 2027 does not contain them. Graded reported rather than verified for that reason: the date is sound, the obligation's wording is not yet sourced.","The operative provisions effective 2030-07-01 have not been read. The slov-lex consolidated text for that date needs to be fetched separately before this row can be graded verified. | § 85o(18)–(19) defer some delivery-service-provider reporting under §§ 80–80a to 2030-06-30, and secondary sources describe a deferral of BUYER-side digital reporting to July 2030. Whether there is a distinct recipient-side reporting obligation starting in 2030 was not established, so no receive-direction reporting row is recorded.","Recorded now because a 2030 date four years out is exactly what a compliance buyer is trying to budget for, but graded honestly: this is a commencement date read from the amending act, not an obligation read from the text that will be in force."
SK-e-reporting-issue-domestic,SK,Slovakia,e-reporting,SK oznamovanie údajov — digital reporting of invoice data to the Financial Administration,issue,b2b,"The issuer of an electronic invoice, obliged to transmit the prescribed invoice data to the Financial Administration via the delivery service (doručovacia služba) — § 85o(9) and § 85o(11).",entity_type,,,,"VAT payer registered under § 4, § 4b or § 4c of zákon č. 222/2004 Z. z.",,"No size test beyond VAT-payer status, which is the same gate as the issuing duty it rides on.","§ 74(1) and § 68d(4) invoice data set, transmitted via the doručovacia služba",,"The Act prescribes the data by cross-reference to § 74(1) and § 68d(4) of the VAT Act rather than naming a versioned published schema. The Financial Administration's technical specification was not read, so no version is recorded.",2027-01-01,,,"Zákon č. 222/2004 Z. z., § 85o(9) and § 85o(11), as inserted by zákon č. 385/2025 Z. z.",https://static.slov-lex.sk/static/SK/ZZ/2025/385/20270101.print.html,"Zákon č. 385/2025 Z. z., consolidated text as in force from 1 January 2027 — slov-lex",statute,https://www.financnasprava.sk/_img/pfsedit/Dokumenty_PFS/Zverejnovanie_dok/Aktualne/DPH/2026/2026.05.25_009_DPH_2025_IM_FaQ_eFaktura.pdf,2026-10-07,verified,"§ 85o(9) read on slov-lex on 2026-10-07 and sets the reporting deadline as ""do piatich dní odo dňa vyhotovenia elektronickej faktúry"" — five days from the date the electronic invoice is drawn up. § 85o(11) routes it ""prostredníctvom doručovacej služby"". Data scope is cross-referenced to § 74(1) and § 68d(4).","Whether the five-day deadline runs in calendar or working days was not established from the text read. Romania changed exactly this parameter mid-mandate, so it matters. | The technical schema and version for the reported data set are not established.","Five days from drawing up the invoice is a reporting window, not real time — materially easier to implement than Hungary's immediate RTIR or Italy's clearance model, and worth saying plainly because buyers often assume every new mandate is real-time."
